id;question;option_a;option_b;option_c;option_d;answer_letter;;
1;¿Qué significan las palabras griegas de las que deriva el término ecología?;casa y estudio;vida y ciencia;ambiente y tratado;naturaleza y conocimiento;A;;
2;¿Cuál es el nivel de organización ecológica que estudia las adaptaciones morfológicas y fisiológicas?;Población;Organismo;Comunidad;Ecosistema;B;;
3;¿Qué características de las poblaciones se estudian en ecología?;Solo el tamaño poblacional;Tamaño, densidad y estructura etaria;Únicamente la densidad;Solo la estructura sexual;B;;
4;¿Qué se estudia principalmente a nivel de ecosistema?;Las adaptaciones individuales;Los flujos de energía y ciclos de nutrientes;Solo las interacciones entre especies;Únicamente los factores abióticos;B;;
5;¿Qué nivel de organización ecológica corresponde al planeta Tierra visto como sistema ecológico?;Ecosistema;Bioma;Comunidad;Biosfera;D;;
6;¿Qué rama de la ecología estudia al individuo en relación a su medio ambiente?;Sinecología;Autoecología;Ecología de poblaciones;Ecología de comunidades;B;;
7;¿Qué estudia la sinecología?;Solo individuos aislados;Las relaciones entre poblaciones y comunidades con su entorno;Únicamente factores abióticos;Solo adaptaciones morfológicas;B;;
8;¿Qué incluye el concepto de hábitat según el texto?;Solo el espacio físico;Factores bióticos y abióticos que apoyan a una especie;Únicamente la función ecológica;Solo las asociaciones vegetales;B;;
9;¿Qué aspectos se deben conocer para comprender el nicho ecológico de un organismo?;Solo el tipo de alimentación;Alimentación, actividades, fuente de energía e influencia en otros organismos;Únicamente la fuente de energía;Solo las actividades que realiza;B;;
10;¿Cuál es un ejemplo de nicho ecológico mencionado en el texto?;La migración de las aves;La polinización que realizan las abejas;El territorio de los leones;El nado de los peces;B;;
11;¿Qué tipo de competencia ocurre entre individuos de la misma especie?;Interespecífica;Parasitismo;Intraespecífica;Mutualismo;C;;
12;¿Cómo afecta la competencia a las especies involucradas?;Beneficia a ambas;Es negativa para ambas;Beneficia a una y perjudica a otra;No tiene efecto;B;;
13;¿Qué caracteriza a la interacción de depredación?;Ambas especies se benefician;El depredador se beneficia y la presa es perjudicada;Ambas especies son perjudicadas;Ninguna especie se ve afectada;B;;
14;¿Qué tipo de depredador consume tanto animales como plantas?;Carnívoro;Herbívoro;Omnívoro;Parásito;C;;
15;¿Qué término se refiere a una interacción donde dos organismos de distintas especies viven juntos en contacto directo?;Competencia;Depredación;Simbiosis;Comensalismo exclusivamente;C;;
16;¿En qué tipo de mutualismo las relaciones son íntimas, estables y obligadas?;Mutualismo facultativo;Mutualismo variable;Mutualismo simbiótico;Mutualismo temporal;C;;
17;¿Qué caracteriza al comensalismo?;Ambas especies se benefician;Una especie se beneficia y la otra no es afectada;Una especie se beneficia y la otra es perjudicada;Ambas especies son perjudicadas;B;;
18;¿Cómo se llaman los parásitos que viven dentro del huésped?;Ectoparásitos;Endoparásitos;Simbiontes;Comensales;B;;
19;¿Qué es una población desde el punto de vista ecológico?;Grupo de especies diferentes en un área;Grupo de individuos de la misma especie en un área definida;Conjunto de ecosistemas;Todos los organismos del planeta;B;;
20;¿Qué aspectos estudia la ecología de poblaciones en cuanto a estructura?;Solo el tamaño poblacional;Tamaño, densidad y estructura de edades y sexos;Únicamente la dinámica temporal;Solo las interacciones con otras especies;B;;
21;¿Qué es una comunidad en ecología?;Grupo de individuos de una especie;Conjunto de poblaciones de diferentes especies en un área;Solo los factores abióticos;Un ecosistema completo;B;;
22;¿Qué fenómenos estudia la ecología de comunidades?;Solo las adaptaciones individuales;Distribución espacial, temporal y ramas tróficas;Únicamente el clima;Solo los ciclos biogeoquímicos;B;;
23;¿Qué es el biotopo en un ecosistema?;La comunidad de organismos;Los elementos físicos del ambiente no vivo;Solo los factores climáticos;Únicamente los organismos vivos;B;;
24;¿Qué es la biocenosis en un ecosistema?;Los factores abióticos;La comunidad de organismos vivos;Solo el suelo;Los elementos físicos;B;;
25;¿Cuántos eslabones tiene como máximo una cadena alimenticia típica?;Dos o tres;Tres o cuatro;Cuatro o cinco;Seis o siete;C;;
26;¿Qué representa una red trófica?;Una sola cadena alimenticia;Muchas cadenas alimenticias interconectadas;Solo los productores;Únicamente los consumidores;B;;
27;¿Dónde se encuentra la mayor biomasa en una pirámide ecológica?;En la cima;En el medio;En la base con los productores;Distribuida uniformemente;C;;
28;¿Qué sucede con la biomasa al moverse hacia arriba en la pirámide ecológica?;Aumenta;Disminuye;Permanece constante;Se duplica;B;;
29;¿Qué componentes involucran los ciclos biogeoquímicos?;Solo componentes biológicos;Solo componentes químicos;Geológicos, químicos y biológicos;Solo la atmósfera;C;;
30;¿Cuál de estos NO es un elemento mencionado en los ciclos biogeoquímicos?;Carbono;Nitrógeno;Helio;Fósforo;C;;
31;¿Cuáles son las dos grandes divisiones de ecosistemas según el medio fluido?;Cálidos y fríos;Grandes y pequeños;Acuáticos y terrestres;Naturales y artificiales;C;;
32;¿Cuál es uno de los principales problemas en los medios acuáticos?;Exceso de oxígeno;Abastecimiento de oxígeno y disminución de luz con profundidad;Demasiada luz solar;Exceso de nutrientes;B;;
33;¿Qué amortigua las diferencias de temperatura en ecosistemas acuáticos?;El viento;Las características del agua;La profundidad exclusivamente;Los organismos;B;;
34;¿Qué obliga a los organismos del medio aéreo a buscar nutrientes en el suelo?;La gravedad;El medio aéreo no contiene sustancias necesarias para la vida;La temperatura;La humedad;B;;
35;¿Por qué factores están más condicionados los ecosistemas terrestres?;Por factores biológicos;Por factores químicos;Por factores climáticos;Por factores geológicos exclusivamente;C;;
36;¿Qué es un bioma?;Un organismo individual;Un ecosistema de gran extensión con clima y vegetación característicos;Una población pequeña;Una cadena alimenticia;B;;
37;¿Cuál de estos NO es un bioma mencionado en el texto?;Praderas;Sabanas;Tundra;Arrecifes de coral;D;;
38;¿Qué otro término se usa para referirse a los biomas?;Ecosistemas pequeños;Zonas bioclimáticas;Nichos ecológicos;Hábitats específicos;B;;
39;¿Qué tipo de interacción es el parasitismo?;Positiva para ambas especies;Negativa para ambas especies;Negativa para el huésped y positiva para el parásito;Neutral para ambas especies;C;;
40;¿Qué ejemplo de mutualismo simbiótico menciona el texto?;Aves limpiando dientes de caimanes;Raíces de plantas y bacterias fijadoras de nitrógeno;Polinización de flores;Competencia por recursos;B;;
41;¿Qué disciplinas se combinan en la ecología de poblaciones?;Ecología y genética;Ecología y demografía;Biología y química;Geografía y climatología;B;;
42;¿Qué aspecto de la dinámica poblacional estudia la ecología de poblaciones?;Solo la estructura;Los cambios en la población en el tiempo;Únicamente el tamaño;Solo la densidad;B;;
43;¿Qué busca el depredador al seleccionar sus presas según el texto?;Los más fuertes;Los más rápidos;Los más débiles y fáciles de cazar;Los más grandes;C;;
44;¿Qué incluyen los componentes abióticos de origen orgánico?;Minerales del suelo;La capa de hojarasca;El agua de lluvia;La luz solar;B;;
45;¿Qué factores fisicoquímicos no orgánicos menciona el texto?;Solo la temperatura;Partículas de suelo mineral, lluvia, viento y luz solar;Únicamente el pH;Solo la altitud;B;;
46;¿Cuál es el mayor ecosistema que abarca todo el planeta?;El océano;La selva tropical;La biósfera;La atmósfera;C;;
47;¿Qué permite conocer una pirámide ecológica?;Solo los productores;La cantidad de organismos en cada nivel trófico;Únicamente los descomponedores;Solo el clima;B;;
48;¿Dónde se colocan los carnívoros superiores en una pirámide ecológica?;En la base;En el medio;En la punta;Distribuidos uniformemente;C;;
49;¿Qué comprende la hidrósfera en los ciclos biogeoquímicos?;Solo los océanos;Los océanos, lagos y ríos;Únicamente los ríos;Solo el agua subterránea;B;;
50;¿Qué es la litósfera?;La atmósfera gaseosa;La corteza sólida de la tierra;Los océanos;Los seres vivos;B;;
51;¿Qué tipo de adaptaciones estudia la autoecología?;Solo morfológicas;Morfológicas, fisiológicas y etológicas;Únicamente fisiológicas;Solo etológicas;B;;
52;¿Para qué es útil el conocimiento ecológico según el texto?;Solo para investigación básica;Para planificar conservación y manejo de recursos de biodiversidad;Únicamente para educación;Solo para turismo;B;;
53;¿Qué promueve la aplicación de conocimientos ecológicos?;Solo el crecimiento económico;El desarrollo económico sostenible y equilibrio ecosistémico;Únicamente la conservación;Solo la reducción de impactos;B;;
54;¿Qué puede compartirse entre varios seres vivos según el texto?;El nicho ecológico;El hábitat;La función ecológica;El rol en el ecosistema;B;;
55;¿Qué debe incluir el reconocimiento del nicho ecológico de un organismo?;Solo su dieta;Tipo de alimentación, actividades, fuente de energía e influencia;Únicamente su ubicación;Solo su tamaño;B;;
56;¿Para qué es útil reconocer los nichos ecológicos de un ecosistema?;Para contar organismos;Para comprender composición y funcionamiento del ecosistema;Solo para clasificar especies;Únicamente para mapear el área;B;;
57;¿Qué define las formas de interacción entre especies?;El tamaño de los organismos;El grado de afección entre las especies;Solo la distancia física;Únicamente el tiempo;B;;
58;¿En la depredación, cómo se beneficia el depredador?;No se beneficia;Se alimenta de la presa para subsistir;Solo obtiene refugio;Recibe protección;B;;
59;¿Qué caracteriza al mutualismo variable según el texto?;La relación es obligada;El grado de asociación es variable y no exclusivo;Siempre es permanente;Es negativo para una especie;B;;
60;¿Qué permite la polinización como ejemplo de mutualismo?;Una relación exclusiva;Una relación donde la dependencia no es exclusiva;Solo beneficio para la planta;Solo beneficio para el insecto;B;;
61;¿Cómo utiliza el parásito al hospedero?;Para protección únicamente;Para cubrir necesidades básicas y vitales;Solo para transporte;Únicamente para reproducción;B;;
62;¿Qué ocurre con la aptitud biológica del huésped en el parasitismo?;Aumenta;Se mantiene igual;Ve disminuida su aptitud biológica;Se duplica;C;;
63;¿Qué vive fuera del huésped?;Endoparásito;Simbionte;Ectoparásito;Comensal;C;;
64;¿Qué aspectos se relacionan estrechamente en un ecosistema estable?;Solo los organismos;Los componentes del entorno;Únicamente el clima;Solo el suelo;B;;
65;¿Qué han provocado las especies introducidas por humanos según el texto?;Beneficios universales;Graves perjuicios para fauna y flora autóctonas;Solo cambios positivos;Ningún efecto;B;;
66;¿Qué barreras geográficas han condicionado la historia evolutiva de especies?;Solo los ríos;Sistemas montañosos, mares y desiertos;Únicamente las montañas;Solo los océanos;B;;
67;¿Qué regula menos el clima en ecosistemas acuáticos comparado con terrestres?;La temperatura del agua;Las características del ecosistema;La profundidad;Los organismos presentes;B;;
68;¿Qué caracteriza a los ecosistemas acuáticos continentales mencionados?;Solo son de agua salada;Pueden ser de agua dulce o salada;Solo son océanos;Únicamente son ríos;B;;
69;¿Qué incluyen los microhábitats acuosos según el texto?;Solo lagos grandes;Manantiales, huecos de árboles y cavidades de plantas;Únicamente océanos;Solo ríos caudalosos;B;;
70;¿Qué caracteriza a una formación biogeográfica o bioma?;Extensión pequeña;Gran extensión con clima y vegetación característicos;Solo factores abióticos;Únicamente organismos microscópicos;B;;
71;¿Qué longitudes de onda del espectro electromagnético pueden detectar los ojos humanos?;200 y 500 nm;400 y 700 nm;500 y 900 nm;300 y 600 nm;B;;
72;¿Cuántas glándulas de Meibomio se encuentran dentro del tarso palpebral?;10 a 15;15 a 20;20 a 25;25 a 30;C;;
73;¿Qué secretan las glándulas de Meibomio?;Lágrimas;Un aceite que reduce la evaporación;Mucus protector;Líquido seroso;B;;
74;¿A través de cuántos conductos excretores drenan las glándulas lagrimales?;3 a 6;6 a 12;12 a 18;15 a 20;B;;
75;¿Qué enzima bactericida contiene el líquido lagrimal?;Amilasa;Pepsina;Lisozima;Lipasa;C;;
76;¿Qué nervio craneal inerva al músculo oblicuo superior del ojo?;III;IV;V;VI;B;;
77;¿Qué nervio craneal inerva al músculo recto lateral del ojo?;III;IV;V;VI;D;;
78;¿Cuál es el diámetro aproximado del globo ocular adulto?;1,5 cm;2,0 cm;2,5 cm;3,0 cm;C;;
79;¿Dónde drena el humor acuoso del ojo?;Conducto lagrimal;Seno venoso escleral;Ventana oval;Cámara vítrea;B;;
80;¿Qué función cumple la melanina en la coroides del ojo?;Nutrir la retina;Absorber rayos lumínicos difusos;Producir humor acuoso;Secretar lágrimas;B;;
81;¿Qué estructuras secretan el humor acuoso?;Proceso ciliar;Cuerpo vítreo;Córnea;Retina;A;;
82;¿Qué determina el color de los ojos según el texto?;La cantidad de queratina;La cantidad de melanina en el iris;El grosor del cristalino;La densidad de la córnea;B;;
83;¿Cuántos conos aproximadamente tiene cada retina humana?;1 millón;3 millones;6 millones;120 millones;C;;
84;¿Cuántos bastones aproximadamente tiene cada retina humana?;6 millones;60 millones;120 millones;200 millones;C;;
85;¿Qué fotorreceptores permiten la visión con luz tenue?;Conos;Bastones;Células ganglionares;Melanocitos;B;;
86;¿Cómo se llama el único tipo de fotopigmento en los bastones?;Melanina;Rodopsina;Iodopsina;Retinal;B;;
87;¿Por qué el disco óptico se denomina punto ciego?;Tiene exceso de bastones;No contiene bastones ni conos;Solo tiene conos;Está cubierto de melanina;B;;
88;¿Qué estructura de la retina contiene solo conos?;Disco óptico;Mácula lútea;Fóvea central;Coroides;C;;
89;¿Qué porcentaje de la refracción total de la luz se produce en la córnea?;25%;50%;75%;90%;C;;
90;¿Cuál es el grosor del cristalino en emetropía?;2,5 mm;3,6 mm;4,5 mm;5,0 mm;B;;
91;¿A qué grosor llega el cristalino durante el acomodamiento?;3,6 mm;4,0 mm;4,5 mm;5,0 mm;C;;
92;¿Cuál es el punto de visión cercano promedio a los 10 años de edad?;5 cm;9 cm;15 cm;20 cm;B;;
93;¿Cuál es el punto de visión cercano promedio a los 60 años de edad?;40 cm;60 cm;83 cm;100 cm;C;;
94;¿Cuál es la vida aproximada de cada célula receptora del gusto?;5 días;10 días;15 días;20 días;B;;
95;¿Qué estructura del oído externo tiene forma similar al extremo más ancho de una trompeta?;Tímpano;Pabellón auricular;Conducto auditivo;Hélix;B;;
96;¿Cuál es la longitud aproximada del conducto auditivo externo?;1,5 cm;2,5 cm;3,5 cm;4,5 cm;B;;
97;¿Qué secretan las glándulas ceruminosas del oído?;Saliva;Cera del oído;Líquido seroso;Moco;B;;
98;¿Cómo se llama el primer huesecillo del oído que se adhiere al tímpano?;Martillo;Yunque;Estribo;Columela;A;;
99;¿Qué huesecillo del oído encaja en la ventana oval?;Martillo;Yunque;Estribo;Ninguno;C;;
100;¿Qué nervio inerva al músculo tensor del tímpano?;Facial;Trigémino;Vago;Glosofaríngeo;B;;
101;¿Cuál es el músculo esquelético más pequeño del cuerpo humano?;Tensor del tímpano;Estapedio;Orbicular del ojo;Ciliar;B;;
102;¿Qué nervio craneal inerva al músculo estapedio?;V;VI;VII;VIII;C;;
103;¿Qué estructura conecta el oído medio con la nasofaringe?;Trompa de Eustaquio;Conducto lagrimal;Ventana redonda;Cóclea;A;;
104;¿Cuántas vueltas aproximadamente da la cóclea alrededor de la columela?;Una;Dos;Tres;Cuatro;C;;
105;¿Cuántas células ciliadas aproximadamente tiene el órgano espiral de Corti?;8000;16000;24000;32000;B;;
106;¿Qué conducto del oído interno termina en la ventana oval?;Rampa timpánica;Rampa vestibular;Conducto coclear;Sáculo;B;;
107;¿Qué conducto del oído interno termina en la ventana redonda?;Rampa timpánica;Rampa vestibular;Conducto coclear;Utrículo;A;;
108;¿Cuántas veces vibra más fuerte la ventana oval que la membrana timpánica?;5 veces;10 veces;20 veces;30 veces;C;;
109;¿Dónde están ausentes los bastones en la retina?;En el disco óptico;En la fóvea central;En la mácula lútea;En la coroides;B;;
110;¿Qué parte del conducto hialoideo es remanente de una arteria embrionaria?;Todo el conducto;Solo la porción anterior;Solo la porción posterior;No es un remanente;A;;
111;¿Cuál es la presión intraocular normal aproximadamente?;8 mm Hg;12 mm Hg;16 mm Hg;20 mm Hg;C;;
112;¿Qué tipo de equilibrio detectan el sáculo y el utrículo?;Solo equilibrio dinámico;Equilibrio estático y aceleración lineal;Solo aceleración angular;Ningún tipo de equilibrio;B;;
113;¿Qué detectan exclusivamente los conductos semicirculares?;Equilibrio estático;Aceleración lineal;Aceleración angular;Presión sonora;C;;
114;¿Cuántos estereocilios aproximadamente tiene cada célula pilosa de una mácula?;20 a 40;40 a 70;70 a 100;100 a 130;B;;
115;¿Qué contiene la membrana otolítica?;Solo proteínas;Gránulos de carbonato de calcio y proteínas;Solo carbonato de sodio;Melanina;B;;
116;¿Después de cuántos segundos de rotación continua cesa la estimulación de las células pilosas?;10 a 15;20 a 25;30 a 35;40 a 45;B;;
117;¿Qué superficie aproximada ocupa la piel en los adultos?;1 mt2;2 mt2;3 mt2;4 mt2;B;;
118;¿Cuánto pesa aproximadamente la piel en adultos?;2 a 3 kg;4,5 a 5 kg;6 a 7 kg;8 a 9 kg;B;;
119;¿Qué porcentaje del peso corporal total representa la piel?;3%;5%;7%;9%;C;;
120;¿Cuál es el grosor de la piel en los párpados?;0,5 mm;1,0 mm;2,0 mm;4,0 mm;A;;
121;¿Cuál es el grosor de la piel en el talón?;1 mm;2 mm;4 mm;6 mm;C;;
122;¿Qué porcentaje de las células epidérmicas son queratinocitos?;70%;80%;90%;95%;C;;
123;¿Qué porcentaje de las células epidérmicas son melanocitos?;3%;8%;12%;15%;B;;
124;¿Qué pigmento absorbe los rayos ultravioletas nocivos?;Queratina;Caroteno;Melanina;Hemoglobina;C;;
125;¿Con qué estructuras entran en contacto las células de Merkel?;Vasos sanguíneos;Discos táctiles de Merkel;Folículos pilosos;Glándulas sebáceas;B;;
126;¿Cuántas hileras de queratinocitos tiene el estrato espinoso?;Tres a cinco;Ocho a diez;Quince a veinte;Veinticinco a treinta;B;;
127;¿Cuántas hileras de queratinocitos tiene el estrato granuloso?;Una a dos;Tres a cinco;Ocho a diez;Quince a veinte;B;;
128;¿Dónde está presente el estrato lúcido de la epidermis?;En todo el cuerpo;En pulpejos, palmas y plantas;Solo en el rostro;Solo en el tronco;B;;
129;¿Cuántas hileras de queratinocitos muertos contiene el estrato córneo?;Cinco a diez;Diez a quince;Veinticinco a treinta;Cuarenta a cincuenta;C;;
130;¿Qué porcentaje del flujo sanguíneo total alberga la dermis en reposo?;3 al 5%;8 al 10%;15 al 20%;25 al 30%;B;;
131;¿Qué porción de la dermis representa la región papilar?;Una décima parte;Una quinta parte;Una tercera parte;La mitad;B;;
132;¿Qué tipo de receptores son los corpúsculos táctiles de Meissner?;De adaptación lenta;De adaptación rápida;Estáticos;Permanentes;B;;
133;¿Dónde abundan los corpúsculos táctiles de Meissner?;En la espalda;En pulpejos, manos y labios;En las piernas;En el abdomen;B;;
134;¿Qué detectan los corpúsculos laminares de Pacini?;Solo temperatura;Presión profunda y vibración;Solo dolor;Solo tacto ligero;B;;
135;¿Cuántos mililitros de agua se evaporan normalmente a través de la piel?;200 ml;400 ml;600 ml;800 ml;B;;
136;¿Qué forma más activa de vitamina D produce el organismo?;Retinol;Calcitriol;Tocoferol;Colecalciferol;B;;
137;¿Cuántos gustos primarios se distinguen según el texto?;3;5;7;10;B;;
138;¿Qué sustancia estimula los receptores del sabor umami?;Sacarosa;Cloruro de sodio;Glutamato monosódico;Ácido cítrico;C;;
139;¿Cuántos botones gustativos aproximadamente tiene un adulto joven?;5000;10000;15000;20000;B;;
140;¿Cuántas células receptoras del gusto hay aproximadamente en cada botón gustativo?;25;50;75;100;B;;
141;¿Cuántos días aproximadamente vive cada célula receptora del gusto?;5;10;15;20;B;;
142;¿Cuántas papilas circunvaladas hay aproximadamente en la lengua?;6;12;18;24;B;;
143;¿Cuántos botones gustativos contiene cada papila circunvalada?;10 a 50;50 a 100;100 a 300;300 a 500;C;;
144;¿Cuántos botones gustativos contiene cada papila fungiforme?;Alrededor de 5;Alrededor de 15;Alrededor de 25;Alrededor de 50;A;;
145;¿Qué nervio craneal inerva los botones gustativos de los dos tercios anteriores de la lengua?;Facial;Glosofaríngeo;Vago;Trigémino;A;;
146;¿Qué nervio craneal inerva los botones gustativos del tercio posterior de la lengua?;Facial;Glosofaríngeo;Vago;Trigémino;B;;
147;¿Cuántos olores diferentes aproximadamente pueden reconocer los seres humanos?;1000;5000;10000;20000;C;;
148;¿Entre cuántos receptores olfatorios contiene la nariz humana?;1 y 10 millones;10 y 100 millones;100 y 200 millones;200 y 300 millones;B;;
149;¿Qué estructura cubre la superficie inferior de la lámina cribosa del etmoides?;Pituitaria roja;Epitelio olfatorio;Mucosa nasal;Cornetes nasales;B;;
150;¿Qué tipo de neurona son los receptores olfatorios?;Unipolares;Bipolares;Multipolares;Apolares;B;;
151;¿Dónde se produce la transducción olfativa?;En el bulbo olfatorio;En los cilios olfatorios;En las células basales;En el tracto olfatorio;B;;
152;¿Cómo se llaman las sustancias químicas que tienen olor y estimulan los cilios olfatorios?;Gustativas;Táctiles;Odorantes;Fotones;C;;
153;¿Qué glándulas producen moco en el epitelio olfatorio?;Glándulas de Meibomio;Glándulas de Bowman;Glándulas ceruminosas;Glándulas sebáceas;B;;
154;¿Dónde terminan los nervios olfatorios?;En el tálamo;En los bulbos olfatorios;En la corteza cerebral;En el hipotálamo;B;;
155;¿Dónde se localiza el área olfatoria primaria?;Lóbulo frontal;Lóbulo parietal;Lóbulo temporal;Lóbulo occipital;C;;
156;¿Qué función cumple la pituitaria roja de las fosas nasales?;Olfativa;Respiratoria;Gustativa;Auditiva;B;;
157;¿Dónde se localiza la corteza visual primaria?;Lóbulo frontal;Lóbulo parietal;Lóbulo temporal;Lóbulo occipital;D;;
158;¿Qué pueden causar lesiones en el lóbulo occipital aunque el ojo sea funcional?;Sordera;Ceguera;Anosmia;Ageusia;B;;
159;¿Dónde se localiza el área gustativa primaria?;Lóbulo frontal;Lóbulo parietal;Lóbulo temporal;Lóbulo occipital;B;;
160;¿Qué tipo de papilas linguales NO contienen botones gustativos?;Circunvaladas;Fungiformes;Filiformes;Foliadas;C;;
161;¿Qué porcentaje del peso corporal representa el tejido óseo?;12%;15%;18%;22%;C;;
162;¿Qué proceso se denomina hemopoyesis?;Almacenamiento de minerales;Producción de células sanguíneas;Formación de tejido óseo;Remodelación ósea;B;;
163;¿Dónde se almacenan los triglicéridos en el sistema óseo?;Médula ósea roja;Periostio;Médula ósea amarilla;Endostio;C;;
164;¿Qué estructura permite a la diáfisis crecer en longitud en el hueso en crecimiento?;Epífisis;Placa epifisaria;Cavidad medular;Periostio;B;;
165;¿Cuántas capas tiene el periostio?;Una;Dos;Tres;Cuatro;B;;
166;¿Qué porcentaje de agua contiene la matriz osteoide?;15%;30%;55%;70%;A;;
167;¿Qué sal mineral es la más abundante en el tejido óseo?;Carbonato de calcio;Fosfato de calcio;Hidróxido de calcio;Sulfato de calcio;B;;
168;¿Qué células óseas son las únicas que experimentan división celular?;Osteoblastos;Osteocitos;Osteoclastos;Células osteogénicas;D;;
169;¿Qué células liberan enzimas lisosómicas que digieren la matriz osteoide?;Osteoblastos;Osteocitos;Osteoclastos;Células osteogénicas;C;;
170;¿Cómo se denomina la descomposición de la matriz osteoide?;Calcificación;Osificación;Resorción;Mineralización;C;;
171;¿Qué estructura forma el sistema de Havers en el tejido óseo compacto?;Trabéculas;Osteonas;Laminillas aisladas;Canalículos;B;;
172;¿Qué contienen las lagunas del tejido óseo compacto?;Vasos sanguíneos;Osteocitos;Médula ósea;Nervios;B;;
173;¿Cuántos huesos tiene el esqueleto adulto humano?;186;196;206;216;C;;
174;¿Cuántos huesos conforman el esqueleto axial?;60;70;80;90;C;;
175;¿Cuántos huesos conforman el esqueleto apendicular?;106;116;126;136;C;;
176;¿Cuántos huesos craneales tiene el cráneo humano?;6;8;10;12;B;;
177;¿Qué hueso contiene los senos frontales?;Etmoides;Esfenoides;Frontal;Temporal;C;;
178;¿Qué estructura del hueso occipital contiene al bulbo raquídeo?;Cóndilos occipitales;Foramen magno;Protuberancia occipital;Líneas nucales;B;;
179;¿Qué hueso tiene forma de mariposa con las alas desplegadas?;Etmoides;Esfenoides;Occipital;Temporal;B;;
180;¿Qué estructura del esfenoides aloja a la glándula hipófisis?;Foramen óptico;Silla turca;Alas mayores;Apófisis pterigoides;B;;
181;¿Qué hueso contiene la crista Galli?;Frontal;Esfenoides;Etmoides;Vómer;C;;
182;¿Cuántas celdillas etmoidales puede contener cada masa lateral del etmoides?;De 1 a 10;De 3 a 18;De 5 a 25;De 10 a 30;B;;
183;¿Qué huesos forman el puente de la nariz?;Lacrimales;Nasales;Palatinos;Vómer;B;;
184;¿Qué huesos forman la tercera parte posterior del paladar óseo?;Maxilares superiores;Palatinos;Nasales;Vómer;B;;
185;¿Cuál es el único hueso móvil de la cabeza?;Hioides;Maxilar superior;Maxilar inferior;Vómer;C;;
186;¿Con qué estructura no se articula el hueso hioides?;Apófisis estiloides;Ligamentos;Músculos;Ningún hueso;D;;
187;¿Cuántas vértebras cervicales tiene la columna vertebral?;5;7;12;33;B;;
188;¿Cuántas vértebras torácicas tiene la columna vertebral?;7;10;12;5;C;;
189;¿Cuántas vértebras se fusionan para formar el sacro en adultos?;3;4;5;6;C;;
190;¿Qué vértebra se denomina atlas?;C1;C2;C7;T1;A;;
191;¿Qué vértebra se denomina axis?;C1;C2;C3;C7;B;;
192;¿Qué estructura del axis se proyecta hacia arriba a través del atlas?;Cuerpo vertebral;Apófisis odontoides;Apófisis espinosa;Pedículo;B;;
193;¿Qué vértebra cervical se llama vértebra prominente?;C1;C3;C5;C7;D;;
194;¿Cuántos pares de agujeros sacros anteriores tiene el sacro?;2;3;4;5;C;;
195;¿Entre qué edades se fusionan las vértebras coxígeas?;10 y 20;20 y 30;30 y 40;40 y 50;B;;
196;¿Cuántos pares de costillas verdaderas tiene el cuerpo humano?;5;7;10;12;B;;
197;¿Qué costillas se denominan flotantes?;Primera y segunda;Séptima y octava;Octava y novena;Undécima y duodécima;D;;
198;¿Cuántas regiones tiene el esternón?;2;3;4;5;B;;
199;¿Cómo se llama la parte superior del esternón?;Cuerpo;Mango o manubrio;Apófisis xifoides;Ángulo esternal;B;;
200;¿Qué hueso de la cintura escapular tiene forma de S?;Escápula;Clavícula;Húmero;Acromion;B;;
201;¿Cómo se llama la cresta prominente que transcurre diagonalmente por la escápula?;Acromion;Espina;Apófisis coracoides;Cavidad glenoidea;B;;
202;¿Qué estructura de la escápula aloja la cabeza del húmero?;Fosa supraespinosa;Fosa infraespinosa;Cavidad glenoidea;Acromion;C;;
203;¿Cuántos huesos tiene cada miembro superior?;2500%;2800%;3000%;3200%;C;;
204;¿Qué estructura del húmero se encuentra entre los tubérculos mayor y menor?;Cuello anatómico;Cuello quirúrgico;Surco intertubercular;Fosa coronoidea;C;;
205;¿Qué estructura del húmero se articula con la cabeza del radio?;Tróclea;Cabeza del cóndilo;Epicóndilo medial;Fosa olecraneana;B;;
206;¿Qué estructura del cúbito forma la prominencia del codo?;Apófisis coronoides;Olécranon;Cabeza;Apófisis estiloides;B;;
207;¿Cuántos huesos carpianos tiene cada mano?;6;8;10;12;B;;
208;¿Cuántos metacarpianos tiene cada mano?;4;5;7;8;B;;
209;¿Cuántas falanges tiene el pulgar?;1;2;3;4;B;;
210;¿Cuántas falanges tiene cada mano en total?;10;12;14;16;C;;
211;¿A qué edad se fusionan los tres huesos que forman cada coxal?;16 años;20 años;23 años;26 años;C;;
212;¿Qué estructura de los huesos coxales recibe al nervio ciático?;Escotadura ciática mayor;Escotadura ciática menor;Agujero obturador;Acetábulo;A;;
213;¿Qué estructura soporta el cuerpo en posición sedente?;Cresta ilíaca;Tuberosidad ciática;Espina ilíaca;Acetábulo;B;;
214;¿Cuántos huesos tiene cada miembro inferior?;25;28;30;32;C;;
215;¿Cuál es el hueso más largo, pesado y fuerte del cuerpo humano?;Húmero;Tibia;Fémur;Peroné;C;;
216;¿Qué estructura del fémur es una pequeña depresión en la cabeza?;Fosa intercondílea;Fosita de la cabeza femoral;Cuello anatómico;Trocánter mayor;B;;
217;¿Qué hueso triangular se localiza por delante de la articulación de la rodilla?;Fémur;Tibia;Rótula;Peroné;C;;
218;¿Qué hueso de la pierna es el más grande y soporta el peso?;Peroné;Tibia;Fémur;Rótula;B;;
219;¿Cuál es el hueso más grande y fuerte del tarso?;Astrágalo;Calcáneo;Navicular;Cuboides;B;;
220;¿Cuántos huesos metatarsianos tiene cada pie?;4;5;6;7;B;;
221;¿Cuántas falanges tiene el dedo gordo del pie?;1;2;3;4;B;;
222;¿Qué tipo de articulación se denomina sinartrosis?;Móvil;Con movimiento limitado;Inmóvil;Con gran movimiento;C;;
223;¿Qué tipo de articulación se denomina diartrosis?;Inmóvil;Con movimiento limitado;Con gran movimiento;Sin cavidad;C;;
224;¿Qué tipo de sutura aparece como línea ondulada con márgenes dentados?;Escamosa;Plana;Dentada;Armónica;C;;
225;¿Qué estructura mantiene al diente firmemente en su lugar?;Cemento dental;Ligamento periodontal;Encía;Hueso alveolar;B;;
226;¿Qué tipo de articulación es la unión entre radio y cúbito?;Sutura;Gónfosis;Sindesmosis;Sincondrosis;C;;
227;¿Qué tipo de cartílago conecta los huesos en una sincondrosis?;Fibrocartílago;Cartílago elástico;Cartílago hialino;Cartílago articular;C;;
228;¿Cuántos discos intervertebrales hay en la columna vertebral?;21;23;25;27;B;;
229;¿Qué estructura distingue a las articulaciones sinoviales de las demás?;Ligamentos;Cavidad sinovial;Cartílago articular;Cápsula fibrosa;B;;
230;¿Qué células secretan el líquido sinovial?;Condroblastos;Osteoblastos;Células parecidas a fibroblastos;Condrocitos;C;;
231;¿Qué tipo de articulación sinovial permite solo deslizamiento?;Gínglimo;Artrodia;Trocoide;Condílea;B;;
232;¿Qué tipo de articulación es la rodilla?;Artrodia;Gínglimo;Trocoide;Enartrosis;B;;
233;¿Qué tipo de articulación permite rotación alrededor de un eje longitudinal?;Gínglimo;Artrodia;Trocoide;Condílea;C;;
234;¿Cuántos ejes de movimiento tiene una articulación condílea?;Uno;Dos;Tres;Cuatro;B;;
235;¿Qué tipo de articulación es la del hombro?;Gínglimo;Condílea;En silla de montar;Enartrosis;D;;
236;¿Qué porcentaje del peso corporal pueden representar los músculos esqueléticos en adultos?;20-30%;30-40%;40-50%;50-60%;C;;
237;¿Cuántos músculos aproximadamente integran el sistema muscular?;500;600;700;800;C;;
238;¿Qué capa de tejido conectivo rodea todo el músculo esquelético?;Endomisio;Perimisio;Epimisio;Fascia;C;;
239;¿Qué capa de tejido conectivo rodea grupos de 10 a 100 fibras musculares?;Endomisio;Perimisio;Epimisio;Fascia;B;;
240;¿Cómo se denominan los haces de fibras musculares?;Miofibrillas;Fascículos;Sarcómeras;Filamentos;B;;
241;¿De cuántos mioblastos surge cada fibra muscular esquelética durante el desarrollo?;50 o más;75 o más;100 o más;150 o más;C;;
242;¿Cómo se llama la membrana plasmática de una célula muscular?;Sarcolema;Sarcoplasma;Endomisio;Perimisio;A;;
243;¿Qué proteína da color al músculo y almacena oxígeno?;Actina;Miosina;Mioglobina;Hemoglobina;C;;
244;¿Qué proteínas forman los filamentos contráctiles del músculo?;Actina y miosina;Troponina y tropomiosina;Mioglobina y hemoglobina;Titina y nebulina;A;;
245;¿Qué estructura del músculo cardíaco contiene desmosomas y uniones en hendidura?;Túbulos transversos;Discos intercalares;Sarcómeras;Fibras de Purkinje;B;;
246;¿Dónde se localiza el núcleo en las fibras del músculo liso?;Periférico;Central;Multiple;No tiene núcleo;B;;
247;¿Qué estructuras del músculo liso contienen Ca2+ extracelular?;Túbulos transversos;Cavéolas;Retículo sarcoplasmático;Sarcómeras;B;;
248;¿Cómo se denomina la capacidad del tejido muscular de responder a estímulos generando potenciales de acción?;Contractilidad;Excitabilidad eléctrica;Extensibilidad;Elasticidad;B;;
249;¿Cómo se denomina la capacidad del tejido muscular de contraerse enérgicamente?;Excitabilidad;Contractilidad;Extensibilidad;Elasticidad;B;;
250;¿Cómo se denomina la generación de calor por contracción muscular?;Homeostasis;Termogénesis;Termorregulación;Metabolismo;B;;
251;¿Cuántos músculos oculares extrínsecos mueven cada globo ocular?;4;5;6;7;C;;
252;¿Qué músculo es el más largo del cuerpo humano?;Recto femoral;Sartorio;Bíceps femoral;Grácil;B;;
253;¿Cuántas cabezas tiene el músculo cuádriceps femoral?;2;3;4;5;C;;
254;¿Qué músculo forma la prominencia de la pantorrilla?;Sóleo;Tibial anterior;Gastrocnemio;Plantar;C;;
255;¿Qué músculo es el principal responsable de la respiración?;Intercostales externos;Intercostales internos;Diafragma;Pectoral menor;C;;
256;¿Cuántos músculos rectos tiene cada ojo?;2;3;4;6;C;;
257;¿Qué músculo facial rodea los labios?;Buccinador;Orbicular de labios;Risorio;Mentoniano;B;;
258;¿Cuántos músculos masticadores principales se mencionan?;2;3;4;5;C;;
259;¿Qué músculo del cuello tiene dos vientres separados por un tendón intermedio?;Esternocleidomastoideo;Digástrico;Omohioideo;Milohioideo;B;;
260;¿Qué músculo conecta el occipital con el frontal en el cuero cabelludo?;Temporal;Occipitofrontal;Epicráneo;Corrugador;B;;
261;¿Cuántos músculos pectorales se mencionan en el texto?;Uno;Dos;Tres;Cuatro;B;;
262;¿Qué músculo forma la pared posterior de la axila?;Pectoral mayor;Dorsal ancho;Redondo mayor;Subescapular;B;;
263;¿Cuántas cabezas tiene el músculo bíceps braquial?;Una;Dos;Tres;Cuatro;B;;
264;¿Cuántas cabezas tiene el músculo tríceps braquial?;Una;Dos;Tres;Cuatro;C;;
265;¿Qué músculo del antebrazo es el más superficial en el compartimiento anterior?;Braquiorradial;Pronador redondo;Flexor radial del carpo;Palmar largo;B;;
266;¿Cuántos músculos lumbricales tiene cada mano?;2;3;4;5;C;;
267;¿Qué grupo muscular se encuentra en la región tenar de la mano?;Músculos del pulgar;Músculos del meñique;Músculos interóseos;Músculos lumbricales;A;;
268;¿Cuál es el músculo glúteo más grande?;Glúteo menor;Glúteo medio;Glúteo mayor;Tensor de la fascia lata;C;;
269;¿Cuántos músculos gemelos se mencionan en la región glútea?;Uno;Dos;Tres;Cuatro;B;;
270;"¿Qué músculo del muslo tiene el nombre que significa ""sastre""?";Recto femoral;Grácil;Sartorio;Pectíneo;C;;
271;¿Cuántos músculos isquiotibiales se mencionan?;2;3;4;5;B;;
272;¿Qué músculo forma junto con el gastrocnemio el tendón calcáneo o de Aquiles?;Plantar;Sóleo;Poplíteo;Tibial posterior;B;;
273;¿Cuántos planos de músculos plantares se describen en el pie?;2;3;4;5;C;;
274;¿Qué músculo abductor se encuentra en el primer plano plantar del pie?;Abductor del dedo gordo;Abductor del quinto dedo;Ambos;Ninguno;C;;
275;¿Cuántos músculos interóseos dorsales tiene cada pie?;2;3;4;5;C;;
276;¿Qué músculo del abdomen es el más profundo?;Recto del abdomen;Oblicuo externo;Oblicuo interno;Transverso del abdomen;D;;
277;¿Qué músculo principal eleva el párpado superior?;Orbicular del ojo;Elevador del párpado superior;Recto superior;Frontal;B;;
278;¿Qué músculo permite la oposición del pulgar?;Abductor corto;Flexor corto;Oponente del pulgar;Aductor;C;;
279;¿Cuántos músculos peroneos se mencionan en el compartimiento lateral de la pierna?;Uno;Dos;Tres;Cuatro;B;;
280;¿Qué músculo permite la flexión plantar del pie junto con el gastrocnemio?;Tibial anterior;Sóleo;Extensor largo de los dedos;Peroneo largo;B;;
281;¿Cuántas neuronas aproximadamente existen en el sistema nervioso humano?;10 millones;100 millones;100.000 millones;1 billón;C;;
282;¿Cuáles son las tres partes constitutivas de casi todas las neuronas?;Cuerpo celular, dendritas y axón;Soma, núcleo y citoplasma;Dendritas, sinapsis y axón;Pericarion, núcleo y membrana;A;;
283;¿Qué tipo de neurona tiene varias dendritas y un axón?;Unipolar;Bipolar;Multipolar;Tripolar;C;;
284;¿Qué tipo de neurona tiene una dendrita principal y un axón?;Unipolar;Bipolar;Multipolar;Tripolar;B;;
285;¿Qué células gliales se encuentran en el sistema nervioso central?;Células de Schwann y satélite;Astrocitos y células de Schwann;Astrocitos, oligodendrocitos, microglia y ependimarias;Solo oligodendrocitos;C;;
286;¿Qué células gliales se encuentran en el sistema nervioso periférico?;Astrocitos y microglia;Células de Schwann y satélite;Oligodendrocitos y ependimarias;Solo células de Schwann;B;;
287;¿Cuáles son los tres elementos que conforman una sinapsis?;Axón, dendrita y neurotransmisor;Neurona presináptica, postsináptica y hendidura sináptica;Cuerpo celular, axón y sinapsis;Dendrita, soma y axón;B;;
288;¿Qué estructuras conforman el sistema nervioso central?;Médula espinal y nervios;Encéfalo y ganglios;Médula espinal y encéfalo;Cerebro y nervios craneales;C;;
289;¿Qué estructura forma el engrosamiento cervical de la médula espinal?;Plexo lumbosacro;Plexo braquial;Nervios intercostales;Plexo cervical;B;;
290;¿Cuántos segmentos cervicales tiene la médula espinal?;5;7;8;12;C;;
291;¿Cuántos segmentos torácicos tiene la médula espinal?;8;10;12;5;C;;
292;¿Cómo se llama la estructura donde termina la médula espinal?;Filum terminal;Cono medular;Cola de caballo;Cauda equina;B;;
293;¿Qué tipo de raíces emergen por delante de la médula espinal?;Sensitivas;Motoras;Mixtas;Autónomas;B;;
294;¿Qué tipo de raíces ingresan por detrás de la médula espinal?;Motoras;Sensitivas;Mixtas;Somáticas;B;;
295;¿Qué cuerno de la sustancia gris medular es motor?;Cuerno posterior;Cuerno lateral;Cuerno anterior;Cuerno central;C;;
296;¿Qué partes conforman el tronco encefálico?;Cerebro, cerebelo y médula;Bulbo raquídeo, protuberancia y mesencéfalo;Tálamo, hipotálamo y epitálamo;Diencéfalo y telencéfalo;B;;
297;¿Dónde se produce el entrecruzamiento de fibras nerviosas en el tronco encefálico?;Protuberancia;Mesencéfalo;Bulbo raquídeo;Cerebelo;C;;
298;¿Qué estructura se encuentra en la parte media del cerebelo?;Hemisferios cerebelosos;Pedúnculos cerebelosos;Vermis;Corteza cerebelosa;C;;
299;¿Qué función principal tiene el cerebelo?;Regular la temperatura;Controlar la coordinación de movimientos voluntarios;Producir hormonas;Regular el sueño;B;;
300;¿Qué estructuras conforman el diencéfalo?;Cerebro y cerebelo;Bulbo, protuberancia y mesencéfalo;Tálamo, hipotálamo y epitálamo;Corteza y sustancia blanca;C;;
301;¿Cuánto pesa aproximadamente el cerebro humano?;580 gramos;880 gramos;1180 gramos;1580 gramos;C;;
302;¿Qué estructura divide al cerebro en dos hemisferios?;Cisura de Rolando;Cisura de Silvio;Cisura interhemisférica;Cisura perpendicular;C;;
303;¿Qué cisura se conoce también como cisura lateral?;Cisura de Rolando;Cisura de Silvio;Cisura interhemisférica;Cisura perpendicular;B;;
304;¿Qué cisura se conoce también como cisura central?;Cisura de Silvio;Cisura de Rolando;Cisura interhemisférica;Cisura perpendicular;B;;
305;¿Cuántos lóbulos principales se distinguen en la cara lateral del cerebro?;2;3;4;5;C;;
306;¿Cuánto pesa aproximadamente la corteza cerebral?;380 gramos;480 gramos;580 gramos;680 gramos;C;;
307;¿Cuántas capas de células presenta la corteza cerebral?;4;6;8;10;B;;
308;¿En qué área de Brodmann se encuentra el área motora?;Área 3;Área 4;Área 6;Área 9;B;;
309;¿Dónde se ubica el área de lenguaje de Broca?;Circunvolución frontal superior;Circunvolución frontal inferior izquierda;Circunvolución poscentral;Circunvolución temporal;B;;
310;¿Qué áreas de Brodmann corresponden al área sensitiva?;Áreas 1, 2, 3;Áreas 4, 5, 6;Áreas 9, 10, 11;Áreas 17, 18, 19;A;;
311;¿Dónde se encuentra el área visual primaria?;Lóbulo frontal;Lóbulo parietal;Lóbulo temporal;Lóbulo occipital;D;;
312;¿Cuál es el número del área visual primaria según Brodmann?;Área 4;Área 17;Área 43;Área 44;B;;
313;¿Cuántas meninges cubren el sistema nervioso central?;2;3;4;5;B;;
314;¿Cuál es la meninge más profunda en contacto con el tejido nervioso?;Duramadre;Aracnoides;Piamadre;Endostio;C;;
315;¿Cuál es la meninge más superficial y resistente?;Piamadre;Aracnoides;Duramadre;Epineuro;C;;
316;¿Dónde circula el líquido cefalorraquídeo?;Espacio epidural;Espacio subdural;Espacio subaracnoideo;Espacio subpial;C;;
317;¿Cuántos mililitros de líquido cefalorraquídeo tiene un adulto?;50 a 100 ml;100 a 150 ml;150 a 200 ml;200 a 250 ml;B;;
318;¿Dónde se origina principalmente el líquido cefalorraquídeo?;Meninges;Plexos coroideos;Senos venosos;Ganglios;B;;
319;¿Qué estructura conecta el tercer con el cuarto ventrículo?;Foramen de Monro;Acueducto de Silvio;Conducto ependimario;Foramen de Luschka;B;;
320;¿Cuántos pares craneales existen?;10;12;14;16;B;;
321;¿Qué nervio craneal es el olfatorio?;I;II;III;IV;A;;
322;¿Qué nervio craneal es el óptico?;I;II;III;IV;B;;
323;¿Qué nervio craneal es el motor ocular común?;II;III;IV;V;B;;
324;¿Qué nervio craneal inerva al músculo oblicuo superior?;III;IV;V;VI;B;;
325;¿Qué nervio craneal inerva al músculo recto lateral?;III;IV;V;VI;D;;
326;¿Cuántas ramas presenta el nervio trigémino?;2;3;4;5;B;;
327;¿Qué nervio craneal da sensibilidad a los dos tercios anteriores de la lengua?;V;VII;IX;X;B;;
328;¿Qué nervio craneal inerva los músculos de la expresión facial?;V;VI;VII;VIII;C;;
329;¿Qué nervio craneal se conocía antes como nervio acústico?;VI;VII;VIII;IX;C;;
330;¿Cuántas ramas tiene el nervio vestibulococlear?;Una;Dos;Tres;Cuatro;B;;
331;¿Qué nervio craneal inerva el tercio posterior de la lengua?;VII;VIII;IX;X;C;;
332;¿Qué nervio craneal se extiende desde la cabeza hasta el abdomen?;VIII;IX;X;XI;C;;
333;¿Qué nervio craneal inerva los músculos esternocleidomastoideo y trapecio?;IX;X;XI;XII;C;;
334;¿Qué nervio craneal inerva los músculos de la lengua?;X;XI;XII;I;C;;
335;¿Cuántos pares de nervios raquídeos existen?;28;31;33;35;B;;
336;¿Qué plexo inerva el miembro superior?;Cervical;Braquial;Lumbar;Sacro;B;;
337;¿Qué plexos inervan el miembro inferior?;Cervical y braquial;Braquial y lumbar;Lumbar y sacro;Cervical y sacro;C;;
338;¿Qué sistema nervioso controla los movimientos voluntarios?;Autónomo;Somático;Simpático;Parasimpático;B;;
339;¿Cuántas conexiones hacen las neuronas motoras del sistema autónomo?;Una;Dos;Tres;Cuatro;B;;
340;¿Cómo se llaman las fibras que salen del SNC en el sistema autónomo?;Postganglionares;Preganglionares;Motoras;Sensitivas;B;;
341;¿De qué regiones nacen las fibras preganglionares del sistema simpático?;Cervical y sacra;Torácica y lumbar;Cervical y torácica;Lumbar y sacra;B;;
342;¿Qué neurotransmisor libera principalmente el sistema simpático?;Acetilcolina;Noradrenalina;Dopamina;Serotonina;B;;
343;¿De qué regiones se originan las fibras preganglionares del parasimpático?;Torácica y lumbar;Cervical y lumbar;Base del cerebro y región sacra;Cervical y torácica;C;;
344;¿Qué neurotransmisor libera principalmente el sistema parasimpático?;Noradrenalina;Dopamina;Acetilcolina;Serotonina;C;;
345;¿Qué mide la glándula hipófisis de diámetro?;0,5-1 cm;1-1,5 cm;1,5-2 cm;2-2,5 cm;B;;
346;¿En qué estructura ósea descansa la hipófisis?;Silla turca del esfenoides;Lámina cribosa del etmoides;Foramen magno del occipital;Fosa mandibular del temporal;A;;
347;¿Qué porcentaje del peso total de la hipófisis constituye la adenohipófisis?;50%;60%;75%;90%;C;;
348;¿Qué células de la adenohipófisis secretan hormona de crecimiento?;Tirotropas;Somatotropas;Gonadotropas;Lactotropas;B;;
349;¿Qué hormona secretan las tirotropas?;FSH;LH;TSH;ACTH;C;;
350;¿Cuántas hormonas secretan las gonadotropas?;Una;Dos;Tres;Cuatro;B;;
351;¿Qué hormona secreta el núcleo paraventricular del hipotálamo?;Vasopresina;Oxitocina;TSH;ACTH;B;;
352;¿Qué hormona secreta el núcleo supraóptico del hipotálamo?;Oxitocina;Hormona antidiurética;Prolactina;Somatotropina;B;;
353;¿Cuánto pesa normalmente la glándula tiroides?;10 gramos;20 gramos;30 gramos;40 gramos;C;;
354;¿Qué estructura conecta los lóbulos laterales de la tiroides?;Lóbulo piramidal;Istmo;Folículos tiroideos;Células parafoliculares;B;;
355;¿Cuántas hormonas tiroideas principales secretan las células foliculares?;Una;Dos;Tres;Cuatro;B;;
356;¿Qué células de la tiroides producen calcitonina?;Células foliculares;Células parafoliculares o células C;Células principales;Células oxífilas;B;;
357;¿Cuántas glándulas paratiroides existen?;Dos;Cuatro;Seis;Ocho;B;;
358;¿Qué hormona producen las glándulas paratiroides?;Calcitonina;Hormona paratiroidea;Tiroxina;Triyodotironina;B;;
359;¿Qué porcentaje de la glándula suprarrenal conforma la corteza?;50-60%;60-70%;70-80%;80-90%;D;;
360;¿Cuántos gramos pesa cada glándula suprarrenal?;1,5-3 gramos;3,5-5 gramos;5,5-7 gramos;7,5-9 gramos;B;;
361;¿Qué hormona mineralocorticoide es la más importante?;Cortisol;Aldosterona;Adrenalina;Noradrenalina;B;;
362;¿Qué porcentaje de las células pancreáticas forman los acinos?;75%;85%;95%;99%;D;;
363;¿Cuántos millones de islotes pancreáticos existen aproximadamente?;0,5-1 millones;1-2 millones;2-3 millones;3-4 millones;B;;
364;¿Qué porcentaje de células de los islotes pancreáticos son células beta?;17%;50%;70%;85%;C;;
365;¿Qué hormona secretan las células alfa del páncreas?;Insulina;Glucagón;Somatostatina;Polipéptido pancreático;B;;
366;¿Qué hormona secretan las células beta del páncreas?;Glucagón;Insulina;Somatostatina;Polipéptido pancreático;B;;
367;¿Qué masa tiene la glándula pineal?;0,05-0,1 gramos;0,1-0,2 gramos;0,2-0,3 gramos;0,3-0,4 gramos;B;;
368;¿Qué hormona secreta la glándula pineal?;Serotonina;Melatonina;Dopamina;Noradrenalina;B;;
369;¿Dónde está localizado el timo?;Detrás del corazón;Detrás del esternón entre los pulmones;Encima de los riñones;En la base del cerebro;B;;
370;¿Qué órgano produce la hormona eritropoyetina?;Corazón;Hígado;Riñones;Bazo;C;;
371;¿Cuál es la longitud aproximada del tracto gastrointestinal en una persona viva?;3-4 metros;5-7 metros;8-10 metros;11-13 metros;B;;
372;¿Cuántas capas de tejido presenta la pared del tracto gastrointestinal?;2;3;4;5;C;;
373;¿Cada cuántos días se renuevan las células epiteliales del tracto gastrointestinal?;3-4 días;5-7 días;8-10 días;10-12 días;B;;
374;¿Qué tipo de epitelio reviste la boca, faringe y esófago?;Epitelio cilíndrico simple;Epitelio pavimentoso estratificado no queratinizado;Epitelio cúbico simple;Epitelio pseudoestratificado;B;;
375;¿Qué plexo nervioso se encuentra en la submucosa del tubo digestivo?;Plexo mientérico;Plexo submucoso;Plexo celiaco;Plexo solar;B;;
376;¿Qué estructura carece de serosa y presenta adventicia?;Estómago;Intestino delgado;Esófago;Intestino grueso;C;;
377;¿Cuántos dientes permanentes tiene un adulto?;20;24;28;32;D;;
378;¿Qué estructura dental está compuesta por una masa blanda con nervios y vasos sanguíneos?;Esmalte;Dentina;Cemento;Pulpa dentaria;D;;
379;¿Cuál es la longitud aproximada de la faringe?;8 cm;10 cm;13 cm;15 cm;C;;
380;¿Cuál es la longitud aproximada del esófago?;15 cm;20 cm;25 cm;30 cm;C;;
381;¿Cuántos mililitros de jugo gástrico se producen por día?;500-1000 ml;1000-1500 ml;2000-3000 ml;3000-4000 ml;C;;
382;¿Cuántas capas de músculo liso tiene la muscular del estómago?;Una;Dos;Tres;Cuatro;C;;
383;¿Cuál es la longitud aproximada del duodeno?;Tiene forma de C;Mide 1 metro;Mide 2 metros;Mide 3 metros;A;;
384;¿Cuál es la longitud aproximada del yeyuno?;0,5 metros;1 metro;2 metros;3 metros;B;;
385;¿Cuál es la longitud aproximada del íleon?;1 metro;2 metros;3 metros;4 metros;B;;
386;¿Cuántos mililitros de jugo intestinal se producen por día?;500 ml a 1 litro;1 a 2 litros;2 a 3 litros;3 a 4 litros;B;;
387;¿Cuál es la longitud aproximada del intestino grueso?;0,5 metros;1 metro;1,5 metros;2 metros;C;;
388;¿Cuál es el diámetro aproximado del intestino grueso?;3,5 cm;4,5 cm;6,5 cm;8,5 cm;C;;
389;¿Cuántos centímetros mide aproximadamente el ciego?;3 cm;6 cm;9 cm;12 cm;B;;
390;¿Cuántos centímetros mide aproximadamente el apéndice vermiforme?;4 cm;6 cm;8 cm;10 cm;C;;
391;¿Cuántos centímetros miden los últimos segmentos del recto que forman el conducto anal?;1 o 2 cm;2 o 3 cm;4 o 5 cm;6 o 7 cm;B;;
392;¿Qué conducto excretor corresponde a las glándulas parótidas?;Conducto de Warthon;Conducto de Stenon;Conducto de Rivinius;Conducto de Wirsung;B;;
393;¿Qué conducto excretor corresponde a las glándulas submaxilares?;Conducto de Stenon;Conducto de Warthon;Conducto de Rivinius;Conducto de Santorini;B;;
394;¿Qué porcentaje del hígado forma el lóbulo derecho en comparación con el izquierdo?;Es igual;Es ligeramente mayor;Es mucho mayor;Es menor;C;;
395;¿Cuál es la longitud aproximada del páncreas?;8-10 cm;10-12 cm;12-15 cm;15-18 cm;C;;
396;¿Cuál es el grosor aproximado del páncreas?;1,5 cm;2,5 cm;3,5 cm;4,5 cm;B;;
397;¿Qué fermento de la saliva transforma el almidón en azúcar?;Pepsina;Renina;Ptialina;Tripsina;C;;
398;¿Qué estructura cierra la laringe durante la deglución?;Úvula;Epiglotis;Glotis;Cartílago tiroides;B;;
399;¿Cuántas veces late el corazón aproximadamente por día?;50000;75000;100000;125000;C;;
400;¿Cuántos gramos pesa aproximadamente el corazón?;150-200 gr;200-250 gr;250-300 gr;300-350 gr;C;;
401;¿Cuál es la longitud aproximada del corazón?;8 cm;10 cm;12 cm;14 cm;C;;
402;¿Cuál es el ancho máximo del corazón?;6 cm;7 cm;9 cm;11 cm;C;;
403;¿Qué porcentaje de la pared cardíaca representa el miocardio?;75%;85%;95%;100%;C;;
404;¿Dónde se localiza el nodo sinoauricular?;Ventrículo izquierdo;Aurícula derecha;Ventrículo derecho;Aurícula izquierda;B;;
405;¿Cuántos lóbulos tiene el pulmón derecho?;Uno;Dos;Tres;Cuatro;C;;
406;¿Cuántos lóbulos tiene el pulmón izquierdo?;Uno;Dos;Tres;Cuatro;B;;
407;¿Qué porcentaje de agua contiene el plasma sanguíneo?;81,50%;85,50%;91,50%;95,50%;C;;
408;¿Qué porcentaje de solutos contiene el plasma sanguíneo?;4,50%;6,50%;8,50%;10,50%;C;;
409;¿Qué porcentaje de las proteínas plasmáticas corresponde a la albúmina?;38%;45%;54%;62%;C;;
410;¿Qué porcentaje de las proteínas plasmáticas corresponde a las globulinas?;28%;38%;48%;58%;B;;
411;¿Cuántos millones de eritrocitos hay por microlitro de sangre aproximadamente?;3,4 millones;4,4 millones;5,4 millones;6,4 millones;C;;
412;¿Cuál es la vida media de los eritrocitos?;90 días;100 días;120 días;150 días;C;;
413;¿Cuántos leucocitos hay aproximadamente por microlitro de sangre?;1000 a 3000;3000 a 8000;5000 a 10000;10000 a 15000;C;;
414;¿Cuántas plaquetas hay aproximadamente por microlitro de sangre?;30000 a 100000;80000 a 200000;130000 a 400000;400000 a 600000;C;;
415;¿Cuál es la vida promedio de las plaquetas?;2 a 4 días;5 a 9 días;10 a 14 días;15 a 20 días;B;;
416;¿Cuánto dura aproximadamente la sístole auricular?;0,1 segundos;0,2 segundos;0,3 segundos;0,4 segundos;A;;
417;¿Cuánto dura aproximadamente la sístole ventricular?;0,1 segundos;0,2 segundos;0,3 segundos;0,4 segundos;C;;
418;¿Cuánto dura aproximadamente la diástole completa?;0,2 segundos;0,3 segundos;0,4 segundos;0,5 segundos;C;;
419;¿Cuál es la longitud de la tráquea?;8 cm;10 cm;12 cm;14 cm;C;;
420;¿Cuál es el diámetro de la tráquea?;1,5 cm;2,5 cm;3,5 cm;4,5 cm;B;;
421;¿Cuántos anillos de cartílago hialino tiene la tráquea?;10 a 15;12 a 18;16 a 20;20 a 25;C;;
422;¿Cuál es la longitud de la laringe?;2 cm;3 cm;4 cm;5 cm;C;;
423;¿Cuántos cartílagos impares tiene la laringe?;Dos;Tres;Cuatro;Cinco;B;;
424;¿Cuántos cartílagos pares tiene la laringe?;Dos;Tres;Cuatro;Cinco;B;;
425;¿Cuántos bronquios lobares tiene el pulmón derecho?;Uno;Dos;Tres;Cuatro;C;;
426;¿Cuántos bronquios lobares tiene el pulmón izquierdo?;Uno;Dos;Tres;Cuatro;B;;
427;¿Cuántos litros de sangre tienen generalmente los adultos?;2 a 4 litros;4 a 6 litros;6 a 8 litros;8 a 10 litros;B;;
428;¿Qué porcentaje de la sangre en reposo se encuentra en las venas sistémicas?;44%;54%;64%;74%;C;;
429;¿Cuál es el diámetro de los capilares sanguíneos?;1 a 3 μm;3 a 5 μm;5 a 10 μm;10 a 15 μm;C;;
430;¿Cuántas nefronas aproximadamente existen en cada riñón?;0,6 millones;0,9 millones;1,2 millones;1,5 millones;C;;
431;¿Cuál es la longitud de un riñón adulto típico?;6 a 8 cm;8 a 10 cm;10 a 12 cm;12 a 14 cm;C;;
432;¿Cuál es el ancho de un riñón adulto típico?;3 a 5 cm;5 a 7 cm;7 a 9 cm;9 a 11 cm;B;;
433;¿Cuánto pesa un riñón típico?;85 a 100 gramos;115 a 130 gramos;135 a 150 gramos;165 a 180 gramos;C;;
434;¿Cuántos cálices menores tiene cada riñón?;2 a 6;4 a 10;8 a 18;20 a 25;C;;
435;¿Cuántos cálices mayores tiene cada riñón?;1;2 o 3;4 o 5;6 o 7;B;;
436;¿Cuál es la longitud de cada uréter?;15-20 cm;20-25 cm;25-30 cm;30-35 cm;C;;
437;¿Cuál es el diámetro máximo del uréter cerca de la vejiga?;5 mm;7 mm;10 mm;12 mm;C;;
438;¿Cuál es la capacidad promedio de la vejiga urinaria?;300 y 400 ml;500 y 600 ml;700 y 800 ml;900 y 1000 ml;C;;
439;¿Cuál es la longitud de la uretra femenina?;1 a 2 cm;3 a 4 cm;5 a 6 cm;7 a 8 cm;B;;
440;¿Cuál es la longitud de la uretra masculina?;10 cm;14 cm;18 cm;22 cm;C;;
441;¿Cuántos grados por debajo de la temperatura corporal central debe estar la temperatura de los testículos para la producción normal de espermatozoides?;1-2°C;2-3°C;3-4°C;4-5°C;B;;
442;¿Cuál es la longitud aproximada de cada testículo?;2 cm;3 cm;4 cm;5 cm;C;;
443;¿Cuál es el diámetro aproximado de cada testículo?;1,5 cm;2,5 cm;3,5 cm;4,5 cm;B;;
444;¿Qué células producen testosterona en los testículos?;Células de Sertoli;Células intersticiales o de Leydig;Células espermatogénicas;Células de la granulosa;B;;
445;¿Cuál es la longitud aproximada del epidídimo?;2 cm;3 cm;4 cm;5 cm;C;;
446;¿Cuál es la longitud aproximada del conducto deferente?;25 cm;35 cm;45 cm;55 cm;C;;
447;¿Cuál es la longitud aproximada de cada conducto eyaculador?;1 cm;2 cm;3 cm;4 cm;B;;
448;¿Cuántos mililitros de semen se eyaculan típicamente?;0,5 a 2 ml;1 a 3 ml;2,5 a 5 ml;5 a 7 ml;C;;
449;¿Cuántos millones de espermatozoides contiene una eyaculación típica?;10 a 50 millones;20 a 80 millones;50 a 150 millones;150 a 250 millones;C;;
450;¿Qué porcentaje del volumen del semen constituye la secreción de las vesículas seminales?;30%;40%;50%;60%;D;;
451;¿Qué porcentaje del volumen del semen constituye la secreción prostática?;10-15%;15-20%;25-30%;35-40%;C;;
452;¿Cuál es la longitud aproximada de la próstata?;2 cm;3 cm;4 cm;5 cm;C;;
453;¿Cuál es el ancho aproximado de la próstata?;2 cm;3 cm;4 cm;5 cm;B;;
454;¿Cuál es el grosor aproximado de la próstata?;1 cm;2 cm;3 cm;4 cm;B;;
455;¿Cuál es el diámetro aproximado de las glándulas bulbouretrales?;0,5 cm;1 cm;1,5 cm;2 cm;B;;
456;¿Cuál es la longitud del conducto de las glándulas bulbouretrales?;1,5 cm;2,5 cm;3,5 cm;4,5 cm;B;;
457;¿Cuántas horas pueden sobrevivir los espermatozoides en el tracto reproductor femenino?;24 horas;36 horas;48 horas;72 horas;C;;
458;¿Cuánto dura la fase del orgasmo masculino?;1 a 5 segundos;3 a 15 segundos;15 a 30 segundos;30 a 60 segundos;B;;
459;¿Cuál es la longitud aproximada de cada ovario?;1 cm;2 cm;3 cm;4 cm;C;;
460;¿Cuál es el ancho aproximado de cada ovario?;0,5 cm;1 cm;1,5 cm;2 cm;C;;
461;¿Cuál es el grosor aproximado de cada ovario?;0,5 cm;1 cm;1,5 cm;2 cm;B;;
462;¿Cuántos ovocitos primarios aproximadamente hay al nacer en ambos ovarios?;100000 a 1000000;200000 a 2000000;400000 a 4000000;800000 a 8000000;B;;
463;¿Cuántos ovocitos primarios aproximadamente siguen presentes al alcanzar la pubertad?;20000;30000;40000;50000;C;;
464;¿Cuántos ovocitos aproximadamente podrán madurar durante la vida fértil de la mujer?;200;400;600;800;B;;
465;¿Cuál es la longitud de las trompas uterinas?;5 cm;8 cm;10 cm;12 cm;C;;
466;¿Cuál es la longitud aproximada del útero desde el cuello hasta el fondo?;5 cm;7 cm;9 cm;11 cm;B;;
467;¿Cuál es el ancho máximo del útero en el fondo?;2 cm;3 cm;4 cm;5 cm;C;;
468;¿Cuál es el grosor aproximado del útero?;1,5 cm;2,5 cm;3,5 cm;4,5 cm;B;;
469;¿Cuántos centímetros mide aproximadamente el miometrio en el útero no embarazado?;0,75 cm;1,25 cm;1,75 cm;2,25 cm;B;;
470;¿Cuál es la longitud aproximada de la vagina?;5 cm;7 cm;10 cm;12 cm;C;;
471;¿Cuántas horas es viable el ovocito secundario después de la ovulación?;12 horas;18 horas;24 horas;36 horas;C;;
472;¿Cuántos días dura la ventana de mayor probabilidad de embarazo?;1 día;2 días;3 días;4 días;C;;
473;¿Cuántos lóbulos tiene cada glándula mamaria?;8 o 12;10 o 15;15 o 20;20 o 25;C;;
474;¿Cuántos días dura típicamente el ciclo reproductor femenino?;21 a 28 días;24 a 35 días;28 a 40 días;30 a 45 días;B;;
475;¿Cuántos días dura la fase menstrual?;3 días;5 días;7 días;10 días;B;;
476;¿En qué día del ciclo de 28 días ocurre típicamente la ovulación?;Día 10;Día 12;Día 14;Día 16;C;;
477;¿Cuántos días dura la fase posovulatoria en un ciclo de 28 días?;10 días;12 días;14 días;16 días;C;;
478;¿A qué grosor crece el endometrio durante la fase preovulatoria?;2-6 mm;4-10 mm;8-14 mm;10-16 mm;B;;
479;¿A qué grosor llega el endometrio durante la fase posovulatoria?;6-10 mm;8-12 mm;10-16 mm;12-18 mm;D;;
480;¿Cuántos días después de la fecundación se produce la implantación aproximadamente?;3 días;5 días;7 días;9 días;C;;
481;¿Cuántos días dura la espermatogénesis en humanos?;45 a 55 días;55 a 65 días;65 a 75 días;75 a 85 días;C;;
482;¿Cuántos cromosomas tienen las espermatogonias?;23;46;69;92;B;;
483;¿Cuántos cromosomas tienen los espermatocitos secundarios?;23;46;69;92;A;;
484;¿Cuántas espermátides produce cada espermatocito primario?;Dos;Cuatro;Seis;Ocho;B;;
485;¿Cuántos espermatozoides completan la espermatogénesis cada día aproximadamente?;100 millones;200 millones;300 millones;400 millones;C;;
486;¿Cuánto mide aproximadamente un espermatozoide maduro?;40 μm;50 μm;60 μm;70 μm;C;;
487;¿Cuántos espermatozoides de los 200 millones que ingresan en la vagina llegan al cuello uterino?;Menos de 500000;Menos de 1 millón;Menos de 2 millones;Menos de 3 millones;C;;
488;¿Cuántos espermatozoides aproximadamente llegan hasta el ovocito secundario?;50;100;200;400;C;;
489;¿Cuántas semanas dura el período embrionario?;4 semanas;6 semanas;8 semanas;10 semanas;C;;
490;¿Cuántos trimestres tiene el desarrollo prenatal?;Dos;Tres;Cuatro;Cinco;B;;
491;¿Cuántos días permanece libre el blastocisto en la cavidad uterina antes de adherirse?;1 día;2 días;3 días;4 días;B;;
492;¿En qué día después de la fecundación se produce la gastrulación?;Día 10;Día 12;Día 15;Día 18;C;;
493;¿Cuántas horas dura típicamente la etapa de dilatación del parto en el primer embarazo?;2 a 4 horas;4 a 8 horas;6 a 12 horas;12 a 18 horas;C;;
494;¿Cuántas horas dura típicamente el parto en mujeres que ya han dado a luz?;4 horas;6 horas;8 horas;10 horas;C;;
495;¿Cuántos minutos dura la etapa placentaria del parto?;1-10 minutos;5-30 minutos;30-60 minutos;60-90 minutos;B;;
496;¿Qué estructura separa el escroto en dos sacos?;Rafe;Septo escrotal;Túnica albugínea;Músculo dartos;B;;
497;¿Qué estructura divide el testículo en lobulillos?;Epidídimo;Túnica albugínea;Red testicular;Túbulos seminíferos;B;;
498;¿Cuántos túbulos seminíferos contiene cada lobulillo testicular?;Ninguno;Uno a tres;Cuatro a seis;Siete a nueve;B;;
499;¿Qué conducen los túbulos rectos del testículo?;Al epidídimo;A la red testicular;Al conducto deferente;A la uretra;B;;
500;¿Dónde se produce la maduración de los espermatozoides?;Túbulos seminíferos;Epidídimo;Conducto deferente;Uretra;B;;
501;¿Qué estructura sale de la cola del epidídimo?;Túbulos eferentes;Conducto deferente;Conducto eyaculador;Uretra;B;;
502;¿Qué forman al unirse el conducto deferente y el de la vesícula seminal?;Conducto eferente;Conducto eyaculador;Uretra prostática;Uretra esponjosa;B;;
503;¿Qué contiene el acrosoma del espermatozoide?;Mitocondrias;Núcleo;Enzimas;Centriolos;C;;
504;¿Qué parte del espermatozoide contiene las mitocondrias en espiral?;Cabeza;Cuello;Pieza intermedia;Pieza principal;C;;
505;¿Qué estructura forma la pared esférica del blastocisto?;Embrioblasto;Trofoblasto;Mórula;Zona pelúcida;B;;
506;¿Qué estructura del blastocisto dará origen al embrión?;Trofoblasto;Citotrofoblasto;Sincitiotrofoblasto;Embrioblasto;D;;
507;¿Qué estructura del blastocisto dará origen a la placenta?;Embrioblasto;Trofoblasto;Mórula;Blastocele;B;;
508;¿Cuántas capas germinales primarias se forman durante la gastrulación?;Una;Dos;Tres;Cuatro;C;;
509;¿Qué capa germinal da origen al sistema nervioso?;Endodermo;Mesodermo;Ectodermo;Todas las anteriores;C;;
510;¿Qué capa germinal da origen al revestimiento del tubo digestivo?;Endodermo;Mesodermo;Ectodermo;Todas las anteriores;A;;
511;¿Qué capa germinal da origen a músculos y huesos?;Endodermo;Mesodermo;Ectodermo;Todas las anteriores;B;;
512;¿Cómo se denomina el proceso de liberación de espermatozoides de las células de Sertoli?;Espermatogénesis;Espermogénesis;Espermiación;Capacitación;C;;
513;¿Qué proceso prepara a los espermatozoides para fecundar en el tracto femenino?;Espermatogénesis;Espermogénesis;Capacitación;Reacción acrosómica;C;;
514;¿Cómo se llama la fusión de los pronúcleos masculino y femenino?;Fecundación;Singamia;Capacitación;Gastrulación;B;;
515;¿Cómo se denominan las células producidas por la segmentación del cigoto?;Mórula;Blastómeras;Blastocisto;Trofoblasto;B;;
516;¿En qué día entra la mórula en la cavidad uterina?;Segundo o tercer día;Cuarto o quinto día;Sexto o séptimo día;Octavo o noveno día;B;;
517;¿Qué nombre recibe el endometrio después de la implantación?;Perimetrio;Miometrio;Decidua;Placenta;C;;
518;¿Cuántas capas forma el disco germinativo bilaminar?;Una;Dos;Tres;Cuatro;B;;
519;¿Entre qué semanas ocurre el periodo de organogénesis?;Primera y segunda;Segunda y tercera;Tercera y octava;Octava y décima;C;;
520;¿Qué estructura rodea parcialmente el orificio vaginal?;Clítoris;Himen;Labios mayores;Labios menores;B;;
521;¿Qué glándulas se encuentran a cada lado del orificio vaginal?;Glándulas de Cowper;Glándulas de Bartholin;Glándulas de Skene;Glándulas mamarias;B;;
522;¿Qué músculo puede elevar los testículos hacia el cuerpo?;Músculo dartos;Músculo cremáster;Músculo detrusor;Músculo bulbocavernoso;B;;
523;¿Qué células nutren el ovocito en desarrollo?;Células de Leydig;Células de Sertoli;Células de la granulosa;Células intersticiales;C;;
524;¿Cómo se llama el folículo lleno de líquido listo para romperse?;Folículo primordial;Folículo primario;Folículo secundario;Folículo maduro o de Graaf;D;;
525;¿Qué estructura se forma después de la ovulación?;Folículo primario;Cuerpo lúteo;Cuerpo albicans;Corona radiada;B;;
526;¿Qué estructura se forma cuando degenera el cuerpo lúteo?;Folículo maduro;Cuerpo albicans;Corona radiada;Zona pelúcida;B;;
527;¿Qué hormona rescata al cuerpo lúteo durante el embarazo?;FSH;LH;hCG;Progesterona;C;;
528;¿A partir de qué día después de la fecundación se produce la hCG?;Cuarto día;Sexto día;Octavo día;Décimo día;C;;
529;¿Qué capa del útero se desecha durante la menstruación?;Perimetrio;Miometrio;Estrato basal;Estrato funcional;D;;
530;¿Qué capa del útero permanece después de la menstruación?;Perimetrio;Miometrio;Estrato basal;Estrato funcional;C;;
531;¿Cuántos centímetros de dilatación cervical indica dilatación completa?;6 cm;8 cm;10 cm;12 cm;C;;
532;¿Qué nombre recibe la semana dos del desarrollo embrionario?;Semana de la fecundación;Semana de los dos;Semana de la gastrulación;Semana de la implantación;B;;
533;¿Qué estructura forma un capuchón sobre la cabeza del espermatozoide?;Núcleo;Acrosoma;Flagelo;Centríolo;B;;
534;¿Qué nombre recibe la división celular rápida del cigoto?;Fecundación;Segmentación;Gastrulación;Implantación;B;;
535;¿Qué estructura del ovario contiene el óvulo en desarrollo?;Cuerpo lúteo;Cuerpo albicans;Folículo ovárico;Médula ovárica;C;;
536;¿Cuál es la porción más ancha y larga de la trompa uterina?;Infundíbulo;Ampolla;Istmo;Cuello;B;;
537;¿Qué estructura en forma de embudo se encuentra próxima al ovario?;Ampolla;Istmo;Infundíbulo;Fimbrias;C;;
538;¿Cómo se llaman las proyecciones digitiformes del infundíbulo?;Ampolla;Fimbrias;Vellosidades;Microvellosidades;B;;
539;¿Qué estructura del útero se abre en el techo de la vagina?;Fondo;Cuerpo;Cuello uterino;Trompa uterina;C;;
540;¿Qué proceso convierte las espermátides en espermatozoides?;Espermatogénesis;Espermogénesis;Meiosis;Mitosis;B;;
