id;question;option_a;option_b;option_c;option_d;answer_letter
1;¿Qué ion caracteriza a los hidróxidos?;OH⁺;O²⁻;OH⁻;H⁺;C
2;¿Cuál es la fórmula del hidróxido ferroso según nomenclatura tradicional?;Fe(OH)₃;FeOH;Fe(OH)₂;Fe₂(OH)₃;C
3;¿Qué número de oxidación tiene el hidrógeno en los ácidos hidrácidos?;-1;2;0;1;D
4;¿Cuál es el producto de la reacción CaO + H₂O?;CaH₂;Ca(OH)₂;CaO₂;CaOH;B
5;¿Qué sufijo se utiliza en nomenclatura tradicional para el mayor número de oxidación de un metal en hidróxidos?;-oso;-ato;-ico;-ito;C
6;¿Cuál es la fórmula general de los hidróxidos?;M(OH)ₙ;MOₙ;MHₙ;M₂Oₙ;A
7;¿Qué grupos de la tabla periódica forman ácidos hidrácidos con hidrógeno?;IA y IIA;VIA y VIIA;IIIA y IVA;IB y IIB;B
8;¿Cuál es el nombre sistemático de Fe(OH)₃?;Hidróxido de hierro;Hidróxido férrico;Trihidróxido de hierro;Hidróxido de hierro (II);C
9;¿Qué se obtiene al reaccionar un óxido básico con agua?;Un ácido;Una sal;Un hidróxido;Un anhídrido;C
10;¿Cuál es el subíndice del hidrógeno en un oxácido cuando el no metal tiene número de oxidación par?;1;3;2;4;C
11;¿Qué prefijo se usa para indicar 1 molécula de agua en ácidos polihidratados?;Orto;Piro;Meta;Di;C
12;¿Cuál es la fórmula del ácido clorhídrico?;HClO;H₂Cl;HCl;HClO₂;C
13;¿Qué tipo de compuestos son los hidróxidos también llamados?;Ácidos y sales;Bases o álcalis;Óxidos y peróxidos;Anhídridos;B
14;¿Cuál es el nombre tradicional de Ca(OH)₂?;Hidróxido cálcico;Hidróxido de calcio;Dihidróxido de calcio;Hidróxido calcioso;B
15;¿Qué iones liberan los ácidos en disolución acuosa?;OH⁻ o O²⁻;Na⁺ o K⁺;H⁺ o H₃O⁺;Cl⁻ o Br⁻;C
16;¿Cuál es la fórmula del ácido sulfhídrico?;H₂SO₄;HS;H₂S;H₂SO₃;C
17;¿Qué prefijo se utiliza para el mínimo número de oxidación en nomenclatura tradicional de oxácidos?;Per-...-ico;-oso;Hipo-...-oso;-ico;C
18;¿Cuántas moléculas de agua reaccionan con el anhídrido en el ácido pirofosfórico?;1;3;4;2;D
19;¿Cuál es el subíndice del oxígeno en HNO₂ si el nitrógeno tiene número de oxidación +3?;3;4;1;2;D
20;¿Qué se forma al reaccionar CO₂ + H₂O?;H₂CO₂;HCO₃;H₂CO₃;H₄CO₄;C
21;¿Cuál es el nombre Stock de Mn(OH)₂?;Hidróxido de manganeso;Hidróxido de manganeso (II);Hidróxido manganoso;Dihidróxido de manganeso;B
22;¿Qué sufijo reciben los elementos que forman un solo ácido en nomenclatura tradicional?;-oso;-ato;-ico;-ito;C
23;¿Cuál es la fórmula del ácido fosfórico?;HPO₃;H₄P₂O₇;H₃PO₄;H₃PO₃;C
24;¿Qué grupo caracteriza a los peroxiácidos?;O²⁻;O₂²⁻;OH⁻;O₃²⁻;B
25;¿Cuál es el nombre sistemático de NaOH?;Hidróxido sódico;Monohidróxido de sodio;Hidróxido de sodio;Hidróxido de sodio (I);C
26;¿Qué reacción produce un ácido oxácido?;Óxido básico + agua;Óxido ácido + agua;Metal + agua;No metal + hidrógeno;B
27;¿Cuál es la fórmula del ácido perclórico?;HClO;HClO₂;HClO₃;HClO₄;D
28;¿Qué prefijo indica 3 moléculas de agua en ácidos polihidratados?;Meta;Piro;Tri;Orto;D
29;¿Cuál es el número de oxidación del oxígeno en el grupo peroxo?;-2;0;-1;1;C
30;¿Qué nombre recibe HClO en nomenclatura tradicional?;Ácido cloroso;Ácido clórico;Ácido hipocloroso;Ácido perclórico;C
31;¿Cuál es la fórmula general de los ácidos oxácidos?;HₙNMₙOₙ;HₐNMᵦOᵧ;HNM;H₂NMO;B
32;¿Qué grupo sustituye al oxígeno en los tioácidos?;S²⁻;SO₄²⁻;S⁺;S₂O₃²⁻;A
33;¿Cuál es el nombre Stock de HClO₃?;Ácido clórico;Ácido trioxoclórico (V);Ácido cloroso (V);Ácido clórico (III);B
34;¿Qué se obtiene al reaccionar 2B₂O₃ + H₂O?;H₂B₄O₆;H₄B₂O₇;H₂B₄O₇;H₆B₄O₇;C
35;¿Cuál es el nombre tradicional de Fe(OH)₂?;Hidróxido férrico;Hidróxido de hierro;Hidróxido ferroso;Dihidróxido de hierro;C
36;¿Qué denominación reciben también los ácidos oxácidos?;Hidrácidos;Oxiácidos u Oxoácidos;Bases;Anhídridos;B
37;¿Cuál es la fórmula del ácido metafosfórico?;H₃PO₄;HPO₃;H₄P₂O₇;H₃PO₃;B
38;¿Qué prefijo se usa cuando se sustituyen todos los oxígenos por azufre en tioácidos?;Tio;Sulfo;Ditio;Persulfo;B
39;¿Cuál es el subíndice del hidrógeno en H₂SO₄ si el azufre tiene número de oxidación +6?;1;4;2;3;C
40;¿Qué nombre sistemático tiene HClO₄?;Tetraoxoclorato (VII) de hidrógeno;Perclorato de hidrógeno;Clorato (VII) de hidrógeno;Trioxoclorato (V) de hidrógeno;A
41;¿Cuál es la fórmula del ácido dicrómico?;H₂CrO₄;HCrO₃;H₂Cr₂O₇;H₄Cr₂O₇;C
42;¿Qué compuestos binarios forman los ácidos hidrácidos?;Metal + oxígeno;Hidrógeno + no metal;Hidrógeno + metal;No metal + oxígeno;B
43;¿Cuál es el nombre tradicional de H₄P₂O₇?;Ácido fosfórico;Ácido metafosfórico;Ácido ortofosfórico;Ácido pirofosfórico;D
44;¿Qué número de oxidación tiene el metal en el hidróxido férrico?;1;2;4;3;D
45;¿Cuál es la fórmula del ácido nítrico?;HNO₂;H₂NO₃;HNO₃;HNO;C
46;¿Qué prefijo se usa para el mayor número de oxidación en nomenclatura tradicional de oxácidos?;Hipo-...-oso;-oso;Per-...-ico;-ico;C
47;¿Cuál es el nombre sistemático de Ca(OH)₂?;Hidróxido de calcio;Monohidróxido de calcio;Hidróxido cálcico;Dihidróxido de calcio;D
48;¿Qué reacción produce H₂S₂O₃?;H₂SO₃ + S;H₂SO₄ + H₂O;H₂SO₄ + H₂S;H₂S + SO₂;C
49;¿Cuál es el nombre Stock de H₂SO₅?;Ácido peroxisulfúrico;Ácido sulfúrico (VI);Ácido trioxoperoxisulfúrico (VI);Ácido pentaoxosulfúrico;C
50;¿Qué elementos forman principalmente ácidos polihidratados?;Na, K, Ca;C, N, O;P, As, Sb, B, Si;Fe, Cu, Zn;C
51;¿Cuál es la fórmula del ácido sulfuroso?;H₂SO₄;HSO₃;H₂SO₃;H₂S;C
52;¿Qué nomenclatura usa números romanos para indicar el número de oxidación?;Tradicional;Sistemática;IUPAC;Stock;D
53;¿Cuál es el nombre tradicional de HClO₂?;Ácido hipocloroso;Ácido perclórico;Ácido clórico;Ácido cloroso;D
54;¿Qué se obtiene al sumar el número de oxidación del no metal más el subíndice del hidrógeno en oxácidos?;El número total de átomos;El doble del subíndice del oxígeno;La mitad del subíndice del oxígeno;El subíndice del no metal;B
55;¿Cuál es el nombre sistemático de HNO₃?;Trioxonitrato (V) de hidrógeno;Nitrato de hidrógeno;Ácido nítrico;Oxonitrato de hidrógeno;A
56;¿Qué prefijo indica sustitución parcial de oxígeno por azufre en tioácidos?;Sulfo;Persulfo;Ditio;Tio;D
57;¿Cuál es la fórmula del ácido tetrabórico?;H₂B₄O₆;H₄B₂O₇;H₂B₄O₇;H₆B₄O₇;C
58;¿Qué tipo de óxido reacciona con agua para formar hidróxidos?;Óxido ácido;Óxido neutro;Óxido anfótero;Óxido básico;D
59;¿Cuál es el nombre tradicional de Mn(OH)₂?;Hidróxido mangánico;Hidróxido de manganeso;Hidróxido manganoso;Dihidróxido de manganeso;C
60;¿Qué se forma al reaccionar 2CrO₃ + H₂O?;H₂CrO₄;H₄Cr₂O₈;H₂Cr₂O₇;HCrO₃;C
61;¿Cuál es el nombre Stock de Fe(OH)₃?;Hidróxido de hierro (II);Hidróxido férrico;Hidróxido de hierro (III);Trihidróxido de hierro;C
62;¿Qué nombre recibe el ácido HNS₂O?;Ácido tionítrico;Ácido sulfonítrico;Ácido ditionítrico;Ácido tritionítrico;C
63;¿Cuál es la mitad de 4 en la fórmula de HNO₂?;1;3;4;2;D
64;¿Qué compuestos resultan de sustituir oxígeno por azufre en oxácidos?;Peroxiácidos;Hidrácidos;Poliácidos;Tioácidos;D
65;¿Cuál es el nombre sistemático de HClO?;Monoxoclorato (I) de hidrógeno;Oxoclorato de hidrógeno;Clorato (I) de hidrógeno;Oxoclorato (I) de hidrógeno;D
66;¿Qué sufijo se usa para el menor número de oxidación en nomenclatura tradicional de hidróxidos?;-ico;-ato;-ito;-oso;D
67;¿Cuál es la fórmula del ácido carbónico?;H₂CO₂;HCO₃;H₄CO₄;H₂CO₃;D
68;¿Qué número de oxidación tiene el hidrógeno en hidróxidos?;0;-1;2;1;D
69;¿Cuál es el nombre tradicional de H₂Cr₂O₇?;Ácido crómico;Ácido percrómico;Ácido dicrómico;Ácido crómico (VI);C
70;¿Qué ion forma el grupo oxhidrilo?;O²⁻;H⁺;OH⁺;OH⁻;D
71;¿Qué tipo de iones forman las sales?;Solo cationes monoatómicos;Solo aniones poliatómicos;Cationes y aniones monoatómicos o poliatómicos;Solo iones monoatómicos;C
72;¿Cuál es un ejemplo de catión poliatómico?;Cl⁻;Na⁺;NH₄⁺;S²⁻;C
73;¿Qué caracteriza a las sales haloideas?;Contienen oxígeno;No contienen oxígeno;Solo tienen cationes;Solo tienen aniones;B
74;¿Cuál es la fórmula del carbonato de sodio?;NaCO₃;Na₂CO₃;Na₃CO₃;NaCO₂;B
75;¿Qué reacción produce sales?;Ácido + agua;Metal + oxígeno;Ácido + base;Base + agua;C
76;¿Cuál es el nombre tradicional de NaHCO₃?;Carbonato de sodio;Bicarbonato de sodio;Hidróxido de sodio;Sulfato de sodio;B
77;¿Qué ion es monoatómico aniónico?;NH₄⁺;H₃O⁺;Ca²⁺;Cl⁻;D
78;¿Cuál es la fórmula del cloruro de calcio?;CaCl;Ca₂Cl;CaCl₂;Ca₂Cl₂;C
79;¿De qué provienen las peroxisales?;Ácidos hidrácidos;Peroxoácidos;Hidróxidos;Óxidos básicos;B
80;¿Cuál es el nombre sistemático de NaClO₃?;Clorato de sodio;Clorito de sodio;Trioxoclorato(V) de sodio;Perclorato de sodio;C
81;¿Qué producto se forma al reaccionar H₂SO₄ + 2NaOH?;Na₂SO₃;NaSO₄;H₂O + Na₂SO₄;H₂O + NaSO₄;C
82;¿Cuál es un ejemplo de anión poliatómico?;Na⁺;Al³⁺;SO₄²⁻;Zn²⁺;C
83;¿Qué tipo de sal es CaSO₄?;Sal haloidea;Oxisal;Tiosal;Peroxisal;B
84;¿Cuál es la fórmula del sulfuro de sodio?;NaS;Na₃S;NaS₂;Na₂S;D
85;¿Qué ion lleva el seleniuro dibásico de bario además del selenio?;H⁺;Cl⁻;OH⁻;SO₄²⁻;C
86;¿Cuál es el nombre Stock de Cr(ClO₄)₃?;Perclorato de cromo;Perclorato crómico;Perclorato de cromo (III);Clorato de cromo (III);C
87;¿Qué se obtiene al reaccionar Ca(OH)₂ + 2HCl?;CaCl + H₂O;CaCl₂ + 2H₂O;Ca₂Cl₂ + H₂O;CaCl₂ + H₂O;B
88;¿Cuál es la fórmula del ion sulfito?;SO₄²⁻;SeO₃²⁻;SeO₄²⁻;SO₃²⁻;D
89;¿Qué caracteriza a las sales dobles haloideas?;Tienen dos oxígenos;Tienen dos cationes diferentes;Tienen dos aniones iguales;Tienen dos hidrógenos;B
90;¿Cuál es el nombre IUPAC de CaSO₄?;Sulfato de calcio;Tetraoxosulfato(VI) de calcio;Sulfito de calcio;Trioxosulfato(IV) de calcio;B
91;¿De qué provienen las tiosales?;Ácidos hidrácidos;Hidróxidos;Peroxoácidos;Tioácidos;D
92;¿Cuál es la fórmula del carbonato de calcio?;CaCO₃;CaSO₃;KClO₃;Na₂CO₃;A
93;¿Qué producto se forma al reaccionar 2NaOH + H₂S?;NaS + H₂O;Na₂S + 2H₂O;Na₂S + H₂O;NaHS + H₂O;B
94;¿Cuál es el nombre sistemático de NaHCO₃?;Bicarbonato de sodio;Carbonato de sodio;Hidrogeno carbonato de sodio;Hidrogenotrioxocarbonato(IV) de sodio;D
95;¿Qué ion poliatómico catiónico se menciona en el texto?;ClO₃⁻;SO₄²⁻;H₃O⁺;HPO₄²⁻;C
96;¿Cuál es la fórmula de la sal común?;NaI;Na₂S;CaS;NaCl;D
97;¿Qué tipo de sales son las que llevan moléculas de agua en su constitución?;Peroxisales;Tiosales;Hidratos;Sales dobles;C
98;¿Cuál es el nombre tradicional de BiNaS₂?;Sulfuro de bismuto;Sulfato de bismuto y sodio;Sulfuro de bismuto y sodio;Disulfuro de sodio;C
99;¿Qué se obtiene al reaccionar CaO + H₂SO₄?;CaSO₃ + H₂O;Ca₂SO₄ + H₂O;CaSO₄ + H₂;CaSO₄ + H₂O;D
100;¿Cuál es la fórmula del clorato de potasio?;KCl;KClO₃;KCl₂;KClO;B
101;¿Qué ion aniónico poliatómico contiene fósforo?;NO₃⁻;ClO₃⁻;HPO₄²⁻;MnO₄⁻;C
102;¿Cuál es el nombre Stock de Bi(HS)₃?;Sulfuro de bismuto;Hidrogeno sulfuro de bismuto;Tris[hidrogeno sulfuro] de bismuto;Sulfato de bismuto;B
103;¿Qué producto se obtiene al reaccionar HClO₃ + NaOH?;NaCl + H₂O;NaClO₂ + H₂O;NaClO₃ + H₂O;NaClO₄ + H₂O;C
104;¿Cuál es la fórmula del tiosulfato de sodio?;Na₂SO₃;NaS₂O₃;Na₂S₂O₃;Na₂SO₄;C
105;¿Qué tipo de sal es Fe(MnO₅)₃?;Sal haloidea;Oxisal;Tiosal;Peroxisal;D
106;¿Cuál es el nombre IUPAC de Ba₂(OH)₂Se?;Seleniuro de bario;Dihidroxiseleniuro de dibario;Seleniato de bario;Selenito dibásico de bario;B
107;¿Qué se forma al reaccionar 2Cr + 6HClO₄?;2Cr(ClO₃)₃ + 3H₂;Cr₂(ClO₄)₃ + 3H₂;2Cr(ClO₄)₃ + 3H₂;2CrClO₄ + 3H₂;C
108;¿Cuál es el nombre tradicional de Co(OH)₂NO₃?;Nitrato cobaltico;Nitrito dibásico cobaltico;Nitrato dibásico cobaltico;Nitrato cobaltoso;C
109;¿Qué caracteriza a las oxisales?;No tienen oxígeno;Llevan oxígeno en su fórmula;Solo tienen hidrógeno;No tienen cationes;B
110;¿Cuál es la fórmula del bisulfito de litio?;LiHSO₃;LiHSO₄;LiH₂SO₃;LiHSO₂;A
111;¿Qué compuesto contiene CuSO₄·5H₂O?;Sulfato cúprico;Sulfato cúprico pentahidratado;Sulfito cúprico;Sulfato de cobre monohidratado;B
112;¿Cuál es el nombre sistemático de KNi(SeO₄)₂?;Seleniato de potasio;Selenito de níquel;Bis[tetraoxoseleniato(VI)] de potasio y níquel (III);Seleniato de potasio y níquel;C
113;¿Qué ion monoatómico tiene carga -2?;Cl⁻;N³⁻;H⁺;S²⁻;D
114;¿Cuál es la fórmula del bicarbonato de amonio?;NH₄HCO₃;NH₄H₂CO₃;(NH₄)₂HCO₃;(NH₄)₂CO₃;A
115;¿De qué está mayormente compuesto el Salar de Uyuni según el texto?;Cloruro de calcio;Cloruro de litio;Cloruro de magnesio;Cloruro de sodio;D
116;¿Cuál es el nombre tradicional de Na₂S₂O₃?;Sulfato de sodio;Sulfito de sodio;Tiosulfato de sodio;Tiosulfito de sodio;C
117;¿Qué producto se obtiene al reaccionar ácidos oxácidos con bases?;Sales haloideas;Hidratos;Oxisales;Tiosales;C
118;¿Cuál es el nombre IUPAC de Ni(ClS₂)₃?;Clorito de níquel;Tris[sulfoclorato(III)] de níquel (III);Sulfoclorito de níquel;Diclorosulfuro de níquel;B
119;¿Qué ion es el permanganato?;SO₄²⁻;NO₃⁻;MnO₄⁻;ClO₃⁻;C
120;¿Cuál es la fórmula del carbonato de sodio y amonio?;NaNH₃CO₃;NaNH₄CO₃;NaNH₂CO₂;NaNH₃CO₂;B
121;¿Qué caracteriza a las sales que llevan hidrógeno en el grupo aniónico?;Son peroxisales;Son tiosales;Tienen aniones con H;Son sales dobles;C
122;¿Cuál es la fórmula del fosfato de calcio?;Ca₃(PO₄)₂;Ca₃(PO₃)₂;Ca(PO₃)₂;Ca₂PO₄;A
123;¿Qué nombre recibe K₂S₂O₃?;Bisulfato de potasio;Bisulfito de potasio;Tiosulfato de potasio;Tiosulfito de potasio;C
124;¿Cuál es el nombre Stock de Fe(MnO₅)₃?;Permanganato de hierro;Peroxopermanganato férrico;Peroxopermanganato de hierro (III);Manganato de hierro (III);C
125;¿Qué tipo de catión es Al³⁺?;Poliatómico;Diatómico;Triatómico;Monoatómico;D
126;¿Cuál es la fórmula del principal componente de la lavandina?;NaClO;HClO₃;HCl;NaCl;A
127;¿Qué anión contiene el nitrato de amonio?;SO₄²⁻;PO₄³⁻;NO₃⁻;ClO₃⁻;C
128;¿Cuál es el nombre sistemático de Co(OH)₂NO₃?;Nitrato de cobalto;Dihidroxidonitrato de cobalto;Dihidroxidotrioxonitrato(V) de cobalto (III);Hidroxidonitrato de cobalto;C
129;"¿Qué indica el término ""decahidratado"" en Na₂B₄O₇·10H₂O?";Tiene 10 iones;Tiene 10 átomos de sodio;Tiene 10 moléculas de agua;Tiene 10 átomos de oxígeno;C
130;¿Cuál es el nombre tradicional de CaSO₄?;Sulfito de calcio;Sulfato de calcio;Carbonato de calcio;Fosfato de calcio;B
131;¿Qué ion forma parte del dihidrogenofosfato?;PO₄³⁻;HPO₄²⁻;H₂PO₄⁻;SO₄²⁻;C
132;¿Cuál es el nombre IUPAC de NaClO₃?;Clorato de sodio;Trioxoclorato(V) de sodio;Dioxoclorato de sodio;Perclorato de sodio;B
133;¿Qué caracteriza a una sal doble de oxisal?;Tiene dos oxígenos;Tiene dos cationes diferentes;Tiene dos hidrógenos;Tiene dos aniones iguales;B
134;¿Cuál es el nombre Stock de NaHCO₃?;Bicarbonato de sodio;Hidrogeno carbonato de sodio;Carbonato de sodio;Carbonato ácido de sodio;B
135;¿Qué se obtiene al reaccionar ácidos hidrácidos con hidróxidos?;Oxisales;Sales haloideas;Peroxisales;Tiosales;B
136;¿Cuál es el nombre tradicional de Ni(ClS₂)₃?;Clorito niquélico;Sulfoclorito niquélico;Clorosulfato de níquel;Diclorosulfuro niquélico;B
137;¿Qué ion poliatómico aniónico contiene azufre?;NO₃⁻;ClO₃⁻;MnO₄⁻;SO₄²⁻;D
138;¿Cuál es la fórmula del clorato manganoso?;Mn(ClO₄)₂;MnCl₂;Mn(ClO)₂;Mn(ClO₃)₂;D
139;"¿Qué nombre recibe el prefijo ""bis"" en nomenclatura IUPAC de sales?";Indica un átomo;Indica dos grupos;Indica tres moléculas;Indica dos cationes;B
140;¿Cuál es el nombre tradicional de KNi(SeO₄)₂?;Seleniato de potasio;Selenito de níquel;Seleniato de potasio-niquélico;Selenato de níquel y potasio;C
141;¿Qué es un enlace químico?;Una partícula subatómica;La fuerza que une átomos para formar compuestos;Un tipo de energía nuclear;Una reacción de combustión;B
142;¿Cómo se denomina la energía necesaria para romper un enlace químico?;Energía cinética;Energía potencial;Energía de enlace;Energía térmica;C
143;¿Qué electrones participan en la formación de compuestos?;Los del núcleo;Los del primer nivel;Los del último nivel de energía;Los de todos los niveles;C
144;¿Quién formuló la regla del octeto?;Mendeleev;G. N. Lewis;Bohr;Pauling;B
145;¿Cuántos electrones tiene el helio en su último nivel considerado estable?;8;4;6;2;D
146;¿Cuál es el elemento más electronegativo según el texto?;Oxígeno;Cloro;Flúor;Nitrógeno;C
147;¿Qué valor de electronegatividad tiene el flúor?;3;3,5;4,5;4;D
148;¿Qué tienden a hacer los elementos de alta electronegatividad?;Perder electrones;Ganar electrones;Compartir protones;Perder protones;B
149;¿Qué número de oxidación adquiere el calcio al ceder dos electrones?;1;3;2;-2;C
150;¿Qué configuración electrónica adquiere el Ca²⁺ al ceder electrones?;[Ne];[Ar];[Kr];[Xe];C
151;¿Cuántos electrones de valencia tiene el cloro según [Ne]3s²3p⁵?;5;6;7;8;C
152;¿Qué número de oxidación adquiere el cloro al captar un electrón?;1;-2;2;-1;D
153;¿Qué tipo de enlace se forma cuando el cloro comparte electrones con elementos más electronegativos?;Iónico;Metálico;Covalente;Dativo;C
154;¿Cuántos electrones puede compartir el cloro para adquirir número de oxidación +7?;3;5;7;1;C
155;¿Qué tipo de enlace se forma en la molécula Cl₂?;Covalente simple;Covalente doble;Covalente triple;Iónico;A
156;¿Por qué los elementos de transición incumplen la regla del octeto?;Tienen pocos electrones;Completan el subnivel d con hasta 10 electrones;No forman enlaces;Tienen configuración estable;B
157;¿Cuántos electrones de valencia suma el monóxido de nitrógeno (NO)?;10;12;11;9;C
158;¿Cuántos electrones compartidos alcanza el boro en BF₃?;8;4;6;7;C
159;¿Cuántos enlaces simples forma el fósforo en PCl₅?;3;4;5;6;C
160;¿Cómo se representan los electrones externos en los símbolos de Lewis?;Círculos;Líneas;Puntos o asteriscos;Cruces;C
161;¿Qué otro nombre recibe el enlace iónico?;Enlace covalente;Enlace electrovalente;Enlace metálico;Enlace polar;B
162;¿Entre qué tipo de elementos ocurre normalmente el enlace iónico?;Metales y no metales;Solo metales;Solo no metales;Gases nobles;A
163;¿Qué nombre recibe el ion positivo formado en un enlace iónico?;Anión;Catión;Electrón;Protón;B
164;¿Qué nombre recibe el ion negativo formado en un enlace iónico?;Catión;Protón;Anión;Neutrón;C
165;¿Entre qué tipo de elementos ocurre generalmente el enlace covalente?;Metales y no metales;Solo metales;Elementos no metálicos;Solo gases nobles;C
166;¿Cuántos pares de electrones se comparten en un enlace covalente simple?;3;2;4;1;D
167;¿Cómo se representa un enlace covalente doble?;Una línea;Dos líneas paralelas;Tres líneas paralelas;Cuatro líneas;B
168;¿Cuántos electrones aporta cada átomo en un enlace covalente triple?;1;2;4;3;D
169;¿Qué ejemplo representa un enlace covalente triple según el texto?;O₂;H₂;N₂;Cl₂;C
170;¿Qué caracteriza al enlace covalente coordinado o dativo?;Ambos átomos aportan electrones;El par electrónico procede solo de uno de los átomos;No hay compartición;Hay transferencia total;B
171;¿Cuántos enlaces covalentes coordinados presenta SO₃?;1;3;2;4;C
172;¿Qué rango de diferencia de electronegatividad caracteriza al enlace covalente polar?;0,1 a 0,3;0,4 a 1,7;1,8 a 2,5;2,6 a 3,0;B
173;¿Qué diferencia de electronegatividad caracteriza al enlace covalente no polar?;Mayor a 1,7;Inferior a 0,4;Entre 0,5 y 1,0;Mayor a 2,0;B
174;¿Qué ocurre cuando se enlazan dos átomos iguales?;Enlace iónico;Enlace covalente no polar;Enlace covalente polar;Enlace metálico;B
175;¿Qué letra griega se usa para indicar cargas parciales en enlaces covalentes polares?;Alfa;Beta;Gamma;Delta;D
176;¿Entre qué tipo de átomos se produce el enlace metálico?;No metales;Metales y no metales;Solo átomos metálicos;Gases nobles;C
177;¿Cómo se mueven los electrones del último nivel en el enlace metálico?;Están fijos;Se mueven a lo largo de todo el metal;Solo vibran;Se transfieren;B
178;¿Qué término describe a los electrones en el enlace metálico?;Localizados;Deslocalizados;Estáticos;Transferidos;B
179;¿Qué propiedad de los metales se debe al enlace metálico?;Fragilidad;Buena conductividad eléctrica;Baja densidad;Solubilidad en agua;B
180;¿Qué mantienen unidas las fuerzas intermoleculares?;Átomos;Protones;Moléculas;Neutrones;C
181;¿Cómo son las fuerzas intermoleculares comparadas con los enlaces atómicos?;Más fuertes;Iguales;Débiles;Muy fuertes;C
182;¿Cuántos tipos de fuerzas de Van der Waals se reconocen?;2;4;5;3;D
183;¿Entre qué tipo de moléculas ocurren las fuerzas dipolo-dipolo?;Moléculas no polares;Moléculas neutras polares;Solo iones;Átomos aislados;B
184;¿Cuándo se producen las fuerzas dipolo-dipolo?;Cuando hay iones;Cuando el polo positivo de una molécula está cerca del polo negativo de otra;En el vacío;Entre gases nobles;B
185;¿Entre qué se manifiestan las fuerzas de dispersión de London?;Solo iones;Moléculas polares;Átomos o moléculas no polares;Solo metales;C
186;¿Qué causan las fuerzas de dispersión de London?;Iones permanentes;Dipolos temporales por movimiento de electrones;Transferencia de protones;Fusión nuclear;B
187;¿Entre qué átomo y qué tipo de átomos se establecen los puentes de hidrógeno?;Hidrógeno y carbonos;Hidrógeno y átomos altamente electronegativos;Oxígeno y nitrógeno;Solo entre hidrógenos;B
188;¿Qué átomos altamente electronegativos participan en puentes de hidrógeno según el texto?;C, H, O;F, O, N;S, P, Cl;Na, K, Ca;B
189;¿Qué estructura mantienen los puentes de hidrógeno?;Sales;ADN y proteínas;Metales;Gases nobles;B
190;¿Entre qué ocurren las fuerzas ion-dipolo?;Dos iones;Dos dipolos;Iones y la carga parcial del polo de una molécula polar;Solo moléculas;C
191;¿Dónde se manifiestan mayormente las fuerzas ion-dipolo?;En gases;En el vacío;En las disoluciones;En sólidos metálicos;C
192;¿Qué tipo de enlace forma CO₂ según el texto?;Iónico;Metálico;Covalente;Puente de hidrógeno;C
193;¿Qué tipo de enlace forma Na₂S?;Metálico;Covalente;Iónico;Puente de hidrógeno;C
194;¿Con cuántos electrones encuentra su estabilidad un átomo en su último nivel?;6;7;10;8;D
195;¿Qué implica esencialmente el enlace covalente coordinado?;Transferencia de electrones;Haya compartición de pares de electrones;El par electrónico es aportado solo por uno de los átomos;Diferencia de electronegatividad mayor a 1,6;C
196;¿Qué partículas subatómicas son responsables de los enlaces químicos?;Protones;Neutrones;Núcleo;Electrones;D
197;¿En cuál de los siguientes compuestos predomina el enlace covalente?;LiF;C₃H₈;MnCl₂;Zn(OH)₂;B
198;¿Qué tipo de enlace combina los átomos en la molécula de nitrógeno?;Metálico;Iónico;Doble;Covalente triple;D
199;¿Qué caracteriza al enlace covalente según el texto?;Se da entre metálico y no metálico;Los átomos comparten pares electrónicos;Los átomos ganan electrones;Los átomos pierden el par electrónico;B
200;¿Qué tipo de enlaces son mayormente las fuerzas de Van der Waals?;Metálicos;Intermedios;Moleculares;Intermoleculares;D
201;¿Qué tipo de fuerza caracteriza a los enlaces iónicos?;Fuerza de Van der Waals;Fuerza intramolecular;Fuerza de atracción de carácter electrostático;Fuerza entre compuestos hidrófobos;C
202;¿Qué tipo de enlaces tienen F₂, O₂ y N₂ respectivamente?;Simple, triple, doble;Doble, simple, triple;Doble, triple, simple;Simple, doble, triple;D
203;¿Cuántos electrones tiende a captar un átomo del grupo VIA según la regla del octeto?;Un electrón;Tres electrones;Cuatro electrones;Dos electrones;D
204;¿Qué características tienen los enlaces iónicos?;Constituidos por no metales;Son fuertes y dan estructuras cristalinas en condiciones ambientales;Solo uno comparte electrones;Los átomos comparten sin ganar ni perder;B
205;¿Para qué se unen los átomos entre sí?;Mayor estabilidad y mayor energía;Menor estabilidad y mayor energía;Menor estabilidad y menor energía;Mayor estabilidad y menor energía;D
206;¿Con qué es isoelectrónico el ion Mg²⁺?;[Ar];[Ne];[Kr];[Xe];B
207;¿Cuántos electrones de valencia tiene el oxígeno según el texto sobre NO?;4;5;7;6;D
208;¿Qué estado es más probable cuando las fuerzas de repulsión entre moléculas son mucho mayores que las de atracción?;Sólido;Líquido;Neutro;Gaseoso;D
209;¿Cuántos electrones de valencia tiene el azufre (Z=16) para su símbolo de Lewis?;4;5;7;6;D
210;¿Qué configuración electrónica tiene el calcio según el texto?;[Ne]3s²;[Ar]4s²;[Kr]5s²;[Xe]6s²;B
211;¿Qué es una reacción química?;Un cambio de estado;La transformación de unas sustancias en otras diferentes;Una mezcla de elementos;Un proceso nuclear;B
212;¿Cómo se denominan las sustancias que se transforman en una reacción química?;Productos;Catalizadores;Reactivos;Compuestos;C
213;¿En qué unidades están expresados los reactivos y productos en una reacción química?;Gramos;Litros;Átomos;Moles;D
214;¿Qué ley debe cumplir una ecuación química?;Ley de los gases ideales;Ley de la conservación de la masa;Ley de Avogadro;Ley de Boyle;B
215;¿Qué indica la flecha en una ecuación química?;Solo la temperatura;El sentido de la reacción y la igualdad en masa;La velocidad de reacción;La presión del sistema;B
216;¿Qué se usa para lograr el balance de masa en una ecuación química?;Subíndices;Exponentes;Coeficientes;Superíndices;C
217;¿Cuántos moles de Ca(OH)₂ se forman en la reacción CaO + H₂O → Ca(OH)₂?;2 moles;3 moles;1 mol;4 moles;C
218;¿Qué tipo de reacción es 4Al + 3O₂ → 2Al₂O₃?;Descomposición;Doble sustitución;Adición o síntesis;Simple sustitución;C
219;¿Qué caracteriza a las reacciones de descomposición?;Dos sustancias se combinan;Una sustancia se descompone en dos o más productos;Se intercambian elementos;No hay cambios;B
220;¿Qué tipo de reacción es 2H₂O → 2H₂ + O₂?;Síntesis;Simple sustitución;Descomposición;Doble sustitución;C
221;¿Qué ocurre en las reacciones de simple sustitución?;Dos sustancias se combinan;Un elemento sustituye a otro en una sustancia;Dos sustancias intercambian elementos;Una sustancia se descompone;B
222;¿Qué tipo de reacción es Zn + 2HCl → H₂ + ZnCl₂?;Descomposición;Síntesis;Simple sustitución;Doble sustitución;C
223;¿Qué caracteriza a las reacciones de doble sustitución?;Una sustancia se descompone;Dos sustancias intercambian mutuamente sus elementos;Un elemento sustituye a otro;Dos sustancias se combinan;B
224;¿Qué tipo de reacción es BaCl₂ + Na₂SO₄ → 2NaCl + BaSO₄?;Simple sustitución;Síntesis;Descomposición;Doble sustitución;D
225;¿Qué caracteriza a las reacciones irreversibles?;Transcurren en ambos sentidos;Tienen lugar en un solo sentido hasta completarse;No producen productos;Son instantáneas;B
226;¿Qué caracteriza a las reacciones reversibles?;Solo van en un sentido;Los productos pueden regenerar los reactivos;No hay reactivos;Son muy lentas;B
227;¿Qué símbolo indica que una reacción es reversible?;→;←;⇄;=;C
228;¿Qué tipo de reacción es 2NH₃ ⇄ N₂ + 3H₂?;Irreversible;Reversible;Combustión;Neutralización;B
229;¿Qué caracteriza a las reacciones exotérmicas?;Absorben calor;No hay cambio de energía;Desprenden calor;Requieren luz;C
230;¿Qué símbolo indica que una reacción es exotérmica?;+ΔH;ΔH;-ΔH;ΔH;C
231;¿Qué tipo de reacción es CaO + H₂O → Ca(OH)₂ -ΔH?;Endotérmica;Reversible;Exotérmica;Isotérmica;C
232;¿Qué caracteriza a las reacciones endotérmicas?;Desprenden calor;Absorben calor;No hay cambio térmico;Son reversibles;B
233;¿Qué símbolo indica que una reacción es endotérmica?;-ΔH;ΔH;ΔH;+ΔH;D
234;¿Qué tipo de reacción es CaCO₃ → CaO + CO₂ +ΔH?;Exotérmica;Isotérmica;Reversible;Endotérmica;D
235;¿Qué significa ΔH en una reacción química?;Cambio de volumen;Cambio de presión;Cambio de entalpía;Cambio de masa;C
236;¿Qué representa la entalpía a presión constante?;Masa;Volumen;Temperatura;Calor;D
237;¿Qué caracteriza a las reacciones No Redox?;Todos los elementos cambian de oxidación;Ningún elemento sufre cambio en su número de oxidación;Siempre son reversibles;Solo hay reducción;B
238;¿Qué tipo de reacción es HCl + KOH → KCl + H₂O según cambios de oxidación?;Redox;Combustión;No Redox;Precipitación;C
239;¿Qué implica la oxidación en una reacción Redox?;Ganancia de electrones;Pérdida de protones;Pérdida de electrones y aumento del número de oxidación;Ganancia de neutrones;C
240;¿Qué implica la reducción en una reacción Redox?;Pérdida de electrones;Aumento del número de oxidación;Ganancia de electrones y disminución del número de oxidación;Pérdida de protones;C
241;¿Qué tipo de reacción es Zn + FeSO₄ → ZnSO₄ + Fe?;No Redox;Neutralización;Redox;Precipitación;C
242;¿Qué caracteriza a las reacciones de neutralización?;Metal + no metal;Ácido + sal;Ácido + hidróxido (base);Dos ácidos;C
243;¿Qué productos se forman en una reacción de neutralización?;Ácido y base;Óxido y agua;Sal y agua;Metal y no metal;C
244;¿Qué tipo de reacción es HCl + NaOH → NaCl + H₂O?;Precipitación;Combustión;Redox;Neutralización;D
245;¿Qué se forma en las reacciones de precipitación?;Un gas;Un sólido insoluble (precipitado);Solo líquidos;Solo gases;B
246;¿Qué indica (s) en una ecuación química?;Solución;Sólido;Sustancia;Sistema;B
247;¿Qué indica (ac) en una ecuación química?;Ácido;Activo;Acuoso;Alcalino;C
248;¿Qué tipo de reacción es AgNO₃(ac) + NaCl(ac) → AgCl(s) + NaNO₃(ac)?;Neutralización;Combustión;Precipitación;Síntesis;C
249;¿Qué es el combustible en una reacción de combustión?;El oxígeno;La sustancia que reacciona con el comburente;El producto final;El catalizador;B
250;¿Qué es generalmente el comburente en una combustión?;Nitrógeno del aire;Hidrógeno;Oxígeno del aire;Dióxido de carbono;C
251;¿Qué productos se forman en una combustión completa?;CO y C;CO₂ y H₂O;Solo CO;Solo C;B
252;¿Qué productos pueden formarse en una combustión incompleta?;Solo CO₂;CO y/o C;Solo H₂O;Solo O₂;B
253;¿Qué tipo de reacción es CH₄ + 2O₂ → CO₂ + 2H₂O -ΔH?;Endotérmica;Combustión completa;Combustión incompleta;Neutralización;B
254;¿Qué tipo de reacción es 2CH₄ + 3O₂ → 2CO + 4H₂O -ΔH?;Combustión completa;Neutralización;Combustión incompleta;Precipitación;C
255;¿Son las combustiones reacciones exotérmicas o endotérmicas?;Endotérmicas;Isotérmicas;Neutras;Altamente exotérmicas;D
256;¿Qué es la llama según el texto?;Un gas;La manifestación de reacciones de combustión;Un sólido incandescente;Un líquido;B
257;¿Qué tipo de reacción es CO₂ + H₂O → H₂CO₃?;Descomposición;Simple sustitución;Adición o síntesis;Doble sustitución;C
258;¿Qué tipo de reacción es CaCO₃ → CaO + CO₂?;Síntesis;Neutralización;Descomposición;Simple sustitución;C
259;¿Qué tipo de reacción es Mg + H₂SO₄ → MgSO₄ + H₂?;Doble sustitución;Descomposición;Síntesis;Simple sustitución;D
260;¿Qué tipo de reacción es FeCl₃ + 3NH₄OH → Fe(OH)₃ + 3NH₄Cl?;Simple sustitución;Síntesis;Descomposición;Doble sustitución;D
261;¿Qué tipo de reacción es MgO + H₂O → Mg(OH)₂?;Reversible;Descomposición;Irreversible;Combustión;C
262;¿Qué tipo de reacción es 2NaHCO₃ → Na₂CO₃ + H₂O + CO₂ +ΔH?;Exotérmica;Reversible;Endotérmica;Neutralización;C
263;¿Qué tipo de reacción es 2KClO₃ → 3O₂ + 2KCl +ΔH?;Exotérmica;Síntesis;Simple sustitución;Endotérmica;D
264;¿Qué proceso es simultáneo en las reacciones Redox?;Oxidación y precipitación;Oxidación y reducción;Reducción y neutralización;Combustión y neutralización;B
265;¿Qué tipo de reacción es 4NH₃ + 3O₂ → 2N₂ + 6H₂O?;No Redox;Neutralización;Precipitación;Redox;D
266;¿A qué se deben los cambios en la estructura atómico-molecular de la materia?;Procesos físicos;Procesos mecánicos;Mezclas;Reacciones químicas;D
267;¿Qué indican los coeficientes en una reacción química?;Estado de agregación;Cambios de calor;Cantidad de reacciones;Cantidad de elementos o compuestos;D
268;¿Qué tipo de reacción es H₂S + I₂ → 2HI + S?;Descomposición;Combinación;Doble sustitución;Simple sustitución;D
269;¿Qué tipo de reacción es Ca(ClO₃)₂ → CaCl₂ + 3O₂?;Reversible;Descomposición;Doble sustitución;Combustión;B
270;¿Qué tipo de reacción es CaCl₂ + Na₂SO₄ → CaSO₄ + 2NaCl?;Simple sustitución;Descomposición;Combinación;Doble sustitución;D
271;¿Qué indica que una combustión es completa?;Formación de C;Formación de O₂;Formación de CO;Formación de CO₂;D
272;¿Qué puede formarse en una combustión incompleta además de CO?;O₂;CO₂;CH₄;C;D
273;¿Cómo se denomina una reacción donde se modifican los números de oxidación?;Nuclear;Neutralización;Precipitación;Rédox;D
274;¿Cómo se denomina una reacción entre un ácido y una base?;Rédox;Precipitación;Nuclear;Neutralización;D
275;¿Qué tipo de reacción es HClO₃ + NH₄OH → NH₄ClO₃ + H₂O?;Precipitación;Combustión;Redox;Neutralización;D
276;¿Qué tipo de reacción es CH₃COOH + KOH → KCH₃COO + H₂O?;Redox;Neutralización;Combustión;Precipitación;B
277;¿Qué tipo de reacción es 2KMnO₄ + 16HCl → 5Cl₂ + 2MnCl₂ + 2KCl + 8H₂O?;Neutralización;Precipitación;Redox;No Redox;C
278;¿Qué tipo de reacción es C₂H₆ + 7/2O₂ → 2CO₂ + 3H₂O -ΔH?;Endotérmica;Neutralización;Precipitación;Combustión completa;D
279;¿Qué tipo de reacción es C + O₂ → CO₂?;Descomposición;Doble sustitución;Simple sustitución;Síntesis;D
280;¿Cuáles son los componentes de una reacción química?;Soluto y disolvente;Coeficientes y subíndices;Reactivos y reactantes;Reactivos y productos;D
281;¿Qué ley debe cumplir una ecuación química?;Ley de los gases ideales;Ley de la conservación de la masa;Ley de Avogadro;Ley de Dalton;B
282;¿Qué indica la flecha en una ecuación química además del sentido de la reacción?;La temperatura;La igualdad en masa de reactivos y productos;La velocidad de reacción;El estado de agregación;B
283;¿Qué se utiliza para balancear una ecuación química?;Subíndices;Exponentes;Superíndices;Coeficientes;D
284;¿Qué símbolo indica que una reacción es reversible?;→;←;⇄;=;C
285;¿Qué significa el símbolo (s) en una ecuación química?;Sustancia;Solución;Sólido;Sistema;C
286;¿Qué significa el símbolo (g) en una ecuación química?;Gas;Gaseoso;Gramo;Grupo;B
287;¿Qué significa el símbolo (ac) en una ecuación química?;Ácido;Acuoso;Activo;Acelerado;B
288;¿Qué significa el símbolo hv en una ecuación química?;Se produce o requiere luz;Se requiere calor;Se produce gas;Se forma precipitado;A
289;¿Qué indica el símbolo ∠ϟ en una ecuación química?;Interviene energía eléctrica;Se requiere calor;Se produce luz;Se usa catalizador;A
290;¿Qué indica el símbolo ↑ en una ecuación química?;Producto liberado como gas;Precipitado formado;Calor liberado;Luz producida;A
291;¿En qué términos están representadas las ecuaciones químicas?;Gramos;Litros;Átomos;Moles;D
292;¿Cuántos moles de NH₃ se producen en la reacción N₂ + 3H₂ → 2NH₃?;1 mol;3 moles;4 moles;2 moles;D
293;¿Cuál es el primer paso recomendado en el método de tanteo?;Balancear oxígenos;Balancear no metales;Balancear hidrógenos;Balancear metales;D
294;¿Cuál es el último paso en el método de tanteo?;Balancear metales;Balancear no metales;Balancear hidrógenos;Balancear oxígenos;D
295;¿Qué caracteriza al método del número de oxidación?;Identificar precipitados;Identificar sustancias que cambian su número de oxidación;Identificar gases;Identificar catalizadores;B
296;¿Qué implica la oxidación según el método del número de oxidación?;Ganancia de electrones;Aumento del número de oxidación y pérdida de electrones;Disminución del número de oxidación;Compartir electrones;B
297;¿Qué implica la reducción según el método del número de oxidación?;Pérdida de electrones;Aumento del número de oxidación;Disminución del número de oxidación y ganancia de electrones;Compartir protones;C
298;¿Qué es un agente oxidante?;Sustancia que se oxida;Sustancia que pierde electrones;Sustancia que capta electrones y se reduce;Sustancia neutra;C
299;¿Qué es un agente reductor?;Sustancia que se reduce;Sustancia que cede electrones y se oxida;Sustancia que capta electrones;Sustancia inerte;B
300;En la reacción Zn + S → ZnS, ¿qué le ocurre al Zn?;Se reduce;Permanece igual;Se oxida perdiendo 2 electrones;Gana electrones;C
301;En la reacción Zn + S → ZnS, ¿qué le ocurre al S?;Se oxida;Se reduce ganando 2 electrones;Permanece igual;Pierde electrones;B
302;En la reacción Zn + CuSO₄ → Cu + ZnSO₄, ¿cuál es el agente reductor?;Cu;CuSO₄;SO₄;Zn;D
303;En la reacción Zn + CuSO₄ → Cu + ZnSO₄, ¿cuál es el agente oxidante?;Zn;ZnSO₄;Cu²⁺;SO₄;C
304;¿Qué método se emplea mayormente en reacciones redox en medio acuoso?;Método de tanteo;Método algebraico;Método del número de oxidación;Método de ion electrón;D
305;¿Qué se escribe en el método de ion electrón?;Solo la reacción completa;Semirreacciones de oxidación y reducción;Solo los productos;Solo los reactivos;B
306;¿Qué son los electrolitos?;Sustancias que no conducen electricidad;Sustancias que producen iones y conducen corriente eléctrica;Sustancias neutras;Sustancias sólidas;B
307;¿Cómo se disocia el HCl en medio acuoso?;HCl → H₂ + Cl;HCl → H⁺ + Cl⁻;HCl → H₂O + Cl;HCl → H + Cl;B
308;¿Cómo se disocia el NaOH en medio acuoso?;Na + OH;Na⁺ + OH⁻;NaO + H;Na₂ + O + H;B
309;¿Qué caracteriza al medio ácido en las reacciones redox?;Presencia de iones OH⁻;Presencia de iones H⁺;Ausencia de iones;Presencia de electrones;B
310;¿Qué caracteriza al medio básico o alcalino en las reacciones redox?;Presencia de iones H⁺;Ausencia de iones;Presencia de electrones;Presencia de iones OH⁻;D
311;En medio ácido, ¿con qué se balancea el hidrógeno faltante?;Con OH⁻;Con H₂O;Con H⁺;Con O₂;C
312;En medio ácido, ¿con qué se añaden los oxígenos faltantes?;Con iones H⁺;Con iones OH⁻;Con moléculas de O₂;Con moléculas de agua;D
313;En medio básico, ¿qué se añade por cada oxígeno en exceso?;Iones H⁺;Moléculas de agua en el mismo miembro;Iones OH⁻;Moléculas de O₂;B
314;En medio básico, ¿qué se agrega al otro lado de la reacción para balancear?;Iones H⁺;El doble de iones OH⁻;Moléculas de agua;Oxígeno molecular;B
315;¿Qué debe hacerse con los electrones en las semirreacciones al sumarlas?;Duplicarlos;Triplicarlos;Sumarlos;Cancelarse;D
316;En el método de ion electrón, ¿qué se hace con el número de electrones ganados y perdidos?;Se suman;Se restan;Se intercambian;Se multiplican;C
317;¿Cuál es el coeficiente del HCl balanceado en Fe + HCl → FeCl₂ + H₂?;1;3;4;2;D
318;¿Cuál es el coeficiente del O₂ balanceado en C₂H₄ + O₂ → CO₂ + H₂O?;2;3;4;5;B
319;¿Cuál es el coeficiente del H₂SO₄ en la reacción Al₂O₃ + H₂SO₄ → Al₂(SO₄)₃ + H₂O?;2;4;3;5;C
320;¿Cuál es el coeficiente del H₂O en la reacción Al₂O₃ + 3H₂SO₄ → Al₂(SO₄)₃ + H₂O?;2;4;3;5;C
321;En la reacción HNO₂ + H₂S → NO + S + H₂O, el nitrógeno se reduce de +5 a ¿qué valor?;0;1;3;2;D
322;En la reacción HNO₂ + H₂S → NO + S + H₂O, el azufre se oxida de -2 a ¿qué valor?;2;-1;1;0;D
323;¿Cuántos electrones capta el nitrógeno en la reacción HNO₂ + H₂S → NO + S + H₂O?;2;4;5;3;D
324;¿Cuántos electrones pierde el azufre en la reacción HNO₂ + H₂S → NO + S + H₂O?;1;3;2;4;C
325;¿Cuál es el coeficiente del HNO₂ balanceado en 2HNO₂ + 3H₂S → 2NO + 3S + 4H₂O?;1;3;4;2;D
326;¿Cuál es el coeficiente del H₂S balanceado en 2HNO₂ + 3H₂S → 2NO + 3S + 4H₂O?;2;3;4;5;B
327;En la ecuación N₂ + 3H₂ → 2NH₃, ¿cuántos gramos de N₂ reaccionan?;14 g;56 g;28 g;42 g;C
328;En la ecuación N₂ + 3H₂ → 2NH₃, ¿cuántos gramos de H₂ reaccionan?;2 g;4 g;6 g;8 g;C
329;En la ecuación N₂ + 3H₂ → 2NH₃, ¿cuántos gramos de NH₃ se forman?;17 g;51 g;68 g;34 g;D
330;¿Qué suma de gramos de reactivos debe ser igual a qué en una reacción balanceada?;Suma de gramos de productos;Doble de productos;Mitad de productos;Triple de productos;A
331;¿Qué implica la oxidación según los ejercicios?;Ganancia de electrones;Disminución del número de oxidación;Compartir pares de electrones;Pérdida de electrones;D
332;En la reacción 2HCl + Mg → MgCl₂ + H₂, ¿qué elemento se oxida?;Cloro;Hidrógeno;Magnesio;Ácido clorhídrico;C
333;En la ecuación Mn + FeSO₄ → MnSO₄ + Fe, ¿cuál es el agente reductor?;Fe;Mn;S;FeSO₄;B
334;¿Qué proceso químico implica aumento del número de oxidación?;Reducción;Simplificación;Ionización;Oxidación;D
335;Para una reacción redox, ¿qué deben hacer los elementos al reaccionar?;Cambiar su número atómico;Cambiar su número de oxidación;Intercambiar su masa atómica;Estar disueltos en agua necesariamente;B
336;En las ecuaciones balanceadas por ion electrón en medio ácido, ¿cómo se igualan los oxígenos?;Con iones OH⁻;Con iones H⁺;Con el método algebraico;Con moléculas de agua;D
337;En la reacción Ca + Cl₂ → CaCl₂, ¿cuál es el agente oxidante?;Ca;CaCl₂;Cl₂;Ca y Cl₂;C
338;¿Qué es una ecuación química?;Representación de compuestos;Reacciones iónicas;Reacciones reversibles;Representación escrita de reacciones químicas;D
339;¿Cuál es el número de oxidación del manganeso en el permanganato de potasio (KMnO₄)?;2;4;6;7;D
340;¿Cuál es el número de oxidación del cromo en el cromato de sodio (Na₂CrO₄)?;2;3;6;7;C
341;¿Cuál es el número de oxidación del plomo en el nitrato de plomo [Pb(NO₃)₂]?;2;4;6;7;A
342;¿Cuál es el número de oxidación del azufre en el sulfuro de amonio [(NH₄)₂S]?;-1;-2;1;4;B
343;¿Cuál es el número de oxidación del fósforo en el ácido fosfórico (H₃PO₄)?;3;4;5;6;C
344;¿Qué se utiliza generalmente para balancear una ecuación química?;Coeficientes;Subíndices;Exponentes;Estados de agregación;A
345;¿Qué símbolo se usa cuando existe más de un reactante o producto?;→;⇄;↑;+;D
346;¿Qué significa el símbolo (l) en una ecuación química?;Litro;Líquido;Libre;Liviano;B
347;¿Qué símbolo indica que se usa un acelerador o retardador en la reacción?;hv;q;catalizador;∠ϟ;C
348;¿Qué indica el símbolo q en una ecuación química?;Se requiere luz;Se requiere calor;Se produce gas;Se usa catalizador;B
349;En medio neutro, ¿se utilizan ácidos o bases fuertes?;Solo ácidos;Solo bases;Ambos;Ninguno;D
350;En la reacción Zn + 2AgNO₃ → Zn(NO₃)₂ + 2Ag, ¿cuál es el coeficiente del AgNO₃ balanceado?;1;3;4;2;D
351;¿Cuántas unidades elementales contiene un mol de cualquier sustancia?;6.023 × 10²³;1.023 × 10²³;3.022 × 10²³;12.046 × 10²³;A
352;¿Cuál es el volumen molar de un gas en condiciones normales de presión y temperatura?;11.2 L;22.4 L;44.8 L;67.2 L;B
353;¿Qué volumen de O₂ se obtiene al descomponer 3 moles de O₂ en condiciones normales?;22.4 L;44.8 L;67.2 L;89.6 L;C
354;¿Cuántos gramos de Zn se necesitan para obtener 5.45 L de H₂ en C.N. según la reacción Zn + 2HCl → ZnCl₂ + H₂?;15.91 g;31.82 g;7.95 g;65.4 g;A
355;¿Qué nombre recibe la cantidad de partículas, moléculas e iones que contiene un mol de cualquier sustancia?;Número de Avogadro;Número de Dalton;Número de Lavoisier;Número de Proust;A
356;¿Cuál es la masa molar del H₂S?;18 g/mol;34 g/mol;40 g/mol;62 g/mol;B
357;¿Cuántos moles hay en 45 g de agua (H₂O)?;1.5 mol;2.5 mol;3.5 mol;4.5 mol;B
358;¿Cuál es el porcentaje de hidrógeno en un mol de etano (C₂H₆) con masa molar de 30 g/mol?;10%;20%;30%;40%;B
359;Según la ley de conservación de la materia, ¿qué ocurre con la materia en una reacción química?;Se crea;Se destruye;Se transforma;Se duplica;C
360;En la reacción Al₄C₃ + 12H₂O → 4Al(OH)₃ + 3CH₄, ¿cuál es la suma de masas de los reactivos?;144 g;216 g;312 g;360 g;D
361;¿Qué porcentaje de calcio contiene el CaO cuya masa molar es 56 g/mol?;28.57%;50%;71.43%;85%;C
362;En la combinación N-O, si la masa de nitrógeno permanece en 28 g/mol, ¿qué masa de oxígeno tiene el N₂O₄?;16 g/mol;32 g/mol;48 g/mol;64 g/mol;D
363;¿Cuántos moles de NH₃ se producen a partir de 18 moles de H₂O según Mg₃N₂ + 6H₂O → 3Mg(OH)₂ + 2NH₃?;3 mol;6 mol;9 mol;12 mol;B
364;¿Cuántos gramos de Al se necesitan para producir 3 moles de Co según 3Co₃O₄ + 8Al → 9Co + 4Al₂O₃?;27 g;54 g;72 g;81 g;C
365;¿Qué cantidad de (NH₄)₂Cr₂O₇ se necesita para obtener 19 g de Cr₂O₃?;15.75 g;31.5 g;47.25 g;63 g;B
366;¿Cuántos gramos de CH₃OH se necesitan para reaccionar con 67.2 L de O₂ en C.N. según 2CH₃OH + 3O₂ → 2CO₂ + 4H₂O?;32 g;48 g;64 g;96 g;C
367;¿Cuántos litros de O₂ se necesitan para la combustión completa de 20 L de C₂H₆ según 2C₂H₆ + 7O₂ → 4CO₂ + 6H₂O?;35 L;50 L;70 L;90 L;C
368;¿Cuántos moles de O₂ reaccionan con 2 moles de C₃H₈ según C₃H₈ + 5O₂ → 3CO₂ + 4H₂O?;5 mol;10 mol;15 mol;20 mol;B
369;Para preparar 6 moles de NH₃ según N₂ + 3H₂ → 2NH₃, ¿cuántos moles de H₂ se necesitan?;3 mol;6 mol;9 mol;12 mol;C
370;¿Cuántos litros de H₂ en C.N. se obtienen de 48 g de Mg según Mg + 2HCl → MgCl₂ + H₂?;22.4 L;33.6 L;44.8 L;56 L;C
371;¿Cuántos gramos de O₂ se producen al descomponer 1 mol de KClO₃ según 2KClO₃ → 2KCl + 3O₂?;32 g;48 g;64 g;96 g;B
372;¿Cuántos moles de Na₂O₂ se necesitan para producir 2 moles de O₂ según 2Na₂O₂ + 2H₂O → O₂ + 4NaOH?;1 mol;2 mol;3 mol;4 mol;D
373;¿Cuántos moles de CO₂ se obtienen cuando se producen 5 moles de C₂H₅OH según C₆H₁₂O₆ → 2C₂H₅OH + 2CO₂?;2 mol;5 mol;10 mol;15 mol;B
374;¿Cuántos gramos de Fe₂O₃ se obtienen de 1 mol de Fe según 4Fe + 3O₂ → 2Fe₂O₃?;40 g;80 g;120 g;160 g;B
375;¿Cuántos gramos de C se necesitan para producir 56 g de CO según SiO₂ + 3C → SiC + 2CO?;12 g;24 g;36 g;48 g;C
376;¿Cuántos gramos de CO₂ se producen al formar ½ mol de Cr₂S₃ según 2Cr₂O₃ + 3CS₂ → 2Cr₂S₃ + 3CO₂?;22 g;33 g;44 g;66 g;D
377;¿Cuántos litros de NH₃ se necesitan para producir 4 L de NO según 4NH₃ + 5O₂ → 6H₂O + 4NO?;2 L;3 L;4 L;5 L;C
378;¿Cuántos moles de CaC₂ reaccionan para obtener 52 g de C₂H₂ según CaC₂ + 2H₂O → Ca(OH)₂ + C₂H₂?;1 mol;2 mol;3 mol;4 mol;B
379;¿Cuántos litros de H₂ en C.N. se obtienen al reaccionar 27 g de Al según 2Al + 3H₂SO₄ → Al₂(SO₄)₃ + 3H₂?;11.2 L;22.4 L;33.6 L;44.8 L;C
380;¿Cuántos gramos de C₆H₆ reaccionan para formar 44.8 L de CO₂ en C.N. según 2C₆H₆ + 15O₂ → 12CO₂ + 6H₂O?;13 g;26 g;39 g;52 g;B
381;¿Qué establece la ley de Proust o de la composición constante?;La materia se conserva;Los elementos se combinan en proporciones constantes;El volumen es proporcional a la temperatura;La presión es inversamente proporcional al volumen;B
382;¿Cuál es la masa molar del CaCl₂?;74 g/mol;95 g/mol;111 g/mol;127 g/mol;C
383;¿Cuántos átomos hay en 1 mol de calcio?;3.011 × 10²³;6.022 × 10²³;9.033 × 10²³;12.044 × 10²³;B
384;¿Cuál es la masa molar del NO₃⁻?;46 g/mol;54 g/mol;62 g/mol;78 g/mol;C
385;¿Cuántos gramos hay en 3.5 moles de H₂O?;45 g;54 g;63 g;72 g;C
386;¿Cuál es el porcentaje de carbono en un mol de etano (C₂H₆)?;60%;70%;80%;90%;C
387;¿Qué condiciones se consideran como condiciones normales (C.N.)?;T = 25°C, P = 1 atm;T = 0°C, P = 760 mm Hg;T = 100°C, P = 2 atm;T = -273°C, P = 0.5 atm;B
388;¿Cuántos litros de H₂ se necesitan para obtener 112 L de HF en C.N. según H₂ + F₂ → 2HF?;28 L;44.8 L;56 L;112 L;C
389;¿Qué ley establece que volúmenes iguales de gases tienen el mismo número de moléculas a iguales P y T?;Ley de Dalton;Ley de Avogadro;Ley de Boyle;Ley de Charles;B
390;En la reacción C₃H₈ + 5O₂ → 3CO₂ + 4H₂O, ¿cuántos litros de CO₂ se producen en C.N.?;22.4 L;44.8 L;67.2 L;89.6 L;C
391;¿Cuál es la masa atómica gramo del fósforo (P)?;15 g/mol;23 g/mol;31 g/mol;39 g/mol;C
392;¿Qué establece la ley de las proporciones múltiples de Dalton?;La suma de masas se conserva;Un elemento puede combinarse en diferentes proporciones;Los volúmenes son proporcionales;Las masas son inversamente proporcionales;B
393;¿Cuántas moléculas hay en 1 mol de H₂S?;3.011 × 10²³;6.022 × 10²³;9.033 × 10²³;12.044 × 10²³;B
394;En la combustión Ni + H₂ → NiH₂ y S + H₂ → H₂S, ¿qué ley se comprueba con Ni + S → NiS?;Ley de conservación de la materia;Ley de proporciones recíprocas;Ley de proporciones definidas;Ley de proporciones múltiples;B
395;¿Cuántos litros de O₂ en C.N. corresponden a 5 moles de O₂?;44.8 L;67.2 L;89.6 L;112 L;D
396;¿Qué rama de la química estudia los cálculos basados en reacciones químicas?;Termodinámica;Estequiometría;Cinética;Electroquímica;B
397;¿Cuántos litros de H₂O gaseoso se producen en C.N. según C₃H₈ + 5O₂ → 3CO₂ + 4H₂O?;44.8 L;67.2 L;89.6 L;112 L;C
398;¿Cuál es la masa molar del agua (H₂O)?;16 g/mol;18 g/mol;20 g/mol;22 g/mol;B
399;¿Qué científico estableció la ley de conservación de la materia?;Dalton;Proust;Lavoisier;Avogadro;C
400;En la reacción H₂ + F₂ → 2HF, ¿cuál es la relación volumétrica entre reactivos?;01:02;01:01;02:01;03:01;B
401;¿Cuántos iones hay en 1 mol de NO₃⁻?;3.011 × 10²³;6.022 × 10²³;9.033 × 10²³;12.044 × 10²³;B
402;¿Cuál es la relación volumétrica entre reactivos en 3H₂ + N₂ → 2NH₃?;01:01;02:01;03:01;04:01;C
403;¿Qué unidad se usa para expresar la masa molar?;g;mol;g/mol;L/mol;C
404;En la reacción 2Cl₂ + O₂ → 2Cl₂O, ¿cuál es la relación volumétrica entre Cl₂ y O₂?;01:01;02:01;03:01;01:02;B
405;¿Cuántos gramos de carbono-12 definen un mol?;6 g;10 g;12 g;24 g;C
406;¿Qué científico formuló la ley de las masas equivalentes?;Lavoisier;Dalton;Proust;Richter;D
407;¿Cuál es la masa molar del calcio (Ca)?;20 g/mol;32 g/mol;40 g/mol;56 g/mol;C
408;¿Cuántos litros de C₃H₈ en C.N. corresponden a 1 mol?;11.2 L;22.4 L;33.6 L;44.8 L;B
409;¿Qué valor tiene la presión en condiciones normales expresada en mm Hg?;380 mm Hg;560 mm Hg;760 mm Hg;1000 mm Hg;C
410;¿Cuántos litros de O₂ en C.N. se producen según C₃H₈ + 5O₂ → 3CO₂ + 4H₂O a partir de 1 mol de C₃H₈?;44.8 L;89.6 L;112 L;134.4 L;C
411;¿Qué temperatura se considera en condiciones normales?;0°C;25°C;100°C;273°C;A
412;¿Cuál es la relación volumétrica entre reactivos y productos en H₂ + F₂ → 2HF?;02:02;03:02;04:02;05:02;A
413;¿Cuántas unidades fórmula de CaCl₂ hay en 1 mol?;3.011 × 10²³;6.022 × 10²³;9.033 × 10²³;12.044 × 10²³;B
414;¿Qué establece que la suma de masas de reactivos es igual a la suma de masas de productos?;Ley de Proust;Ley de Dalton;Ley de Lavoisier;Ley de Richter;C
415;¿Cuál es el valor exacto del número de Avogadro?;6.0221367 × 10²³;3.0110683 × 10²³;12.044274 × 10²³;9.0332050 × 10²³;A
416;En la proporción N-O, ¿cuál es la relación de masas de oxígeno en los cinco compuestos si N permanece constante en 28 g/mol?;1:2:3:4:5;2:3:4:5:6;1:3:5:7:9;1:1:2:2:3;A
417;¿Cuántos moles de H₂ se necesitan para preparar 6 moles de NH₃ según N₂ + 3H₂ → 2NH₃?;3 mol;6 mol;9 mol;12 mol;C
418;¿Cuál es la relación estequiométrica entre C₃H₈ y CO₂ en C₃H₈ + 5O₂ → 3CO₂ + 4H₂O?;01:01;01:02;01:03;01:04;C
419;¿Qué factor de conversión relaciona las cantidades en moles de sustancias en una reacción?;Masa molar;Relación molar;Volumen molar;Densidad;B
420;¿Cuántos litros de NH₃ en C.N. se producen según 3H₂ + N₂ → 2NH₃ a partir de 1 mol de N₂?;22.4 L;33.6 L;44.8 L;56 L;C
421;¿Cuál es la relación aproximada entre compuestos de carbono y compuestos de otros elementos?;7 millones a 700 000;700 000 a 7 millones;5 millones a 500 000;10 millones a 1 millón;A
422;¿Qué tipo de enlace forman principalmente los compuestos orgánicos con C, H, O y N?;Enlace iónico;Enlace metálico;Enlace covalente;Enlace de hidrógeno;C
423;¿Cuál es el punto de fusión general de la mayoría de los compuestos orgánicos?;Menor a 400 °C;Mayor a 500 °C;Entre 400-600 °C;Mayor a 800 °C;A
424;¿Cuántos electrones de valencia posee el átomo de carbono?;Dos electrones;Tres electrones;Cuatro electrones;Cinco electrones;C
425;¿Qué es la hibridación en química orgánica?;La combinación de átomos diferentes;La combinación de orbitales atómicos del último nivel de energía;La separación de electrones;La pérdida de protones;B
426;¿Cuántos orbitales sp³ se forman en la hibridación tetraédrica?;2 orbitales;3 orbitales;4 orbitales;5 orbitales;C
427;¿Qué tipo de hibridación presenta geometría triangular plana?;sp³;sp²;sp;sp⁴;B
428;¿Cuántos enlaces pi están disponibles en la hibridación sp?;1 enlace pi;2 enlaces pi;3 enlaces pi;4 enlaces pi;B
429;¿Cuál es la fórmula general de los alcanos?;CₙH₂ₙ;CₙH₂ₙ₊₂;CₙH₂ₙ₋₂;CₙH₂ₙ₋₄;B
430;¿Qué terminación se usa para nombrar alcanos?;-eno;-ino;-ano;-ol;C
431;¿Cómo se nombran los radicales alquilo?;Sustituyendo -ano por -il o -ilo;Sustituyendo -ano por -eno;Añadiendo -oico;Añadiendo -ona;A
432;¿Cuál es la fórmula general de los alquenos con un solo doble enlace?;CₙH₂ₙ₊₂;CₙH₂ₙ;CₙH₂ₙ₋₂;CₙH₂ₙ₋₄;B
433;¿Qué terminación se usa para nombrar alquenos?;-ano;-eno;-ino;-ol;B
434;¿Cuál es la fórmula general de los alquinos?;CₙH₂ₙ₊₂;CₙH₂ₙ;CₙH₂ₙ₋₂;CₙH₂ₙ₋₄;C
435;¿Qué terminación se usa para nombrar alquinos?;-ano;-eno;-ino;-ona;C
436;¿Cuál es el alquino más sencillo?;Metino;Etino o acetileno;Propino;Butino;B
437;¿Cuál es la fórmula general de los cicloalcanos?;CₙH₂ₙ₊₂;CₙH₂ₙ;CₙH₂ₙ₋₂;CₙH₂ₙ₋₄;B
438;¿Qué prefijo se antepone para nombrar cicloalcanos?;meta-;ciclo-;iso-;para-;B
439;¿Cuál es la fórmula general de los cicloalquenos sencillos?;CₙH₂ₙ₊₂;CₙH₂ₙ;CₙH₂ₙ₋₂;CₙH₂ₙ₋₄;C
440;¿Cuál es la fórmula general de los cicloalquinos sencillos?;CₙH₂ₙ;CₓH₂ₙ₋₂;CₙH₂ₙ₋₄;CₙH₂ₙ₊₂;C
441;¿Cuál es la fórmula molecular del benceno?;C₅H₆;C₆H₆;C₆H₁₂;C₇H₈;B
442;¿Cómo se representa el benceno?;Un anillo de cinco miembros;Un anillo de seis miembros con tres dobles enlaces conjugados;Un anillo de siete miembros;Una cadena lineal;B
443;¿Qué caracteriza a los derivados halogenados?;Presencia de oxígeno;Reemplazo de hidrógeno por halógeno;Presencia de nitrógeno;Triple enlace carbono-carbono;B
444;¿Cuál es el grupo funcional de los alcoholes?;-CHO;-COOH;-OH;-NH₂;C
445;¿A qué tipo de carbono está unido el grupo oxhidrilo en alcoholes?;Carbono insaturado sp²;Carbono saturado sp³;Carbono aromático;Carbono con triple enlace;B
446;¿Qué terminación se usa para nombrar alcoholes primarios?;-al;-ona;-ol;-ano;C
447;¿Cuál es la fórmula general de los éteres?;R-OH;R-O-R';R-CHO;R-COOH;B
448;¿Cómo se nombran los éteres?;Con el nombre de grupos alquilo seguido de éter;Terminación -ol;Terminación -al;Terminación -oico;A
449;¿Dónde se ubica siempre el grupo carbonilo en los aldehídos?;En medio de la cadena;Al extremo de la cadena;En cualquier posición;No tiene posición definida;B
450;¿Cuál es el grupo funcional de los aldehídos?;R-CO-R;R-CHO;R-OH;R-COOH;B
451;¿Qué terminación se usa para nombrar aldehídos?;-ol por -al;-ano por -eno;-ano por -ino;-ol por -ona;A
452;¿Dónde se ubica el grupo carbonilo en las cetonas?;Al extremo de la cadena;En medio de la cadena;Siempre en el carbono 1;En el carbono final;B
453;¿Cuál es el grupo funcional de las cetonas?;R-CHO;R-COOH;R-CO-R;R-OH;C
454;¿Qué terminación se usa para nombrar cetonas?;-ol por -ona;-ano por -al;-ano por -eno;-ol por -al;A
455;¿Cuál es el nombre común de la propanona?;Formol;Acetona;Formaldehído;Acetileno;B
456;¿Dónde se ubica el grupo carboxilo en los ácidos carboxílicos?;En medio de la cadena;En los extremos de la cadena;En cualquier posición;Nunca en los extremos;B
457;¿Cuál es el grupo funcional de los ácidos carboxílicos?;R-OH;R-CHO;R-COOH;R-CO-R;C
458;¿Qué terminación se usa para nombrar ácidos carboxílicos?;-oico;-ol;-al;-ona;A
459;¿Qué palabra se antepone al nombrar ácidos carboxílicos?;Radical;Éter;Ácido;Alcohol;C
460;¿Cuál es el nombre común del ácido metanoico?;Ácido acético;Ácido fórmico;Ácido propiónico;Ácido butírico;B
461;¿Cuál es el nombre común del ácido etanoico?;Ácido fórmico;Ácido acético;Ácido propanoico;Ácido benzoico;B
462;¿De qué compuestos son derivados los ésteres?;De los alcoholes;De los aldehídos;De los ácidos carboxílicos;De las cetonas;C
463;¿Cómo se nombran los ésteres?;Cambiando -oico por -oato más el radical con -ilo;Cambiando -ano por -eno;Añadiendo prefijo ciclo-;Terminación -amina;A
464;¿Qué elementos constituyen los compuestos nitrogenados?;C, H, O;C, H, N;C, O, N;H, O, N;B
465;¿Con qué compuesto están relacionadas las aminas?;Con el metano;Con el agua;Con el amoniaco;Con el benceno;C
466;¿Cuántos hidrógenos del amoniaco se reemplazan en una amina primaria?;Ninguno;Uno;Dos;Tres;B
467;¿Cuál es la fórmula de una amina primaria?;R₃N;R₂NH;RNH₂;R-NH-R;C
468;¿Qué prefijo se usa para aminas secundarias con radicales iguales?;tri-;di-;tetra-;mono-;B
469;¿Qué localizador llevan los sustituyentes unidos directamente al nitrógeno?;M;N;O;P;B
470;¿Qué resulta al sustituir un hidrógeno del amoniaco por un grupo acilo?;Un alcohol;Un aldehído;Una amida;Una cetona;C
471;¿Qué terminación reemplaza a -ico en el nombre de amidas primarias?;-amina;-amida;-ol;-al;B
472;¿Cuál es el nombre común de la metanoamida?;Acetamida;Propionamida;Formamida;Butanamida;C
473;¿Cuál es otro nombre para los nitrilos?;Aminas;Amidas;Cianuros;Alcoholes;C
474;¿De qué ácido son derivados los nitrilos?;Ácido acético;Ácido sulfúrico;Ácido cianhídrico;Ácido nítrico;C
475;¿Cuál es el grupo funcional de los nitrilos?;-OH;-CHO;-C≡N;-COOH;C
476;¿Qué sufijo se añade para nombrar nitrilos?;-amina;-nitrilo;-ol;-ona;B
477;¿Cuál es la fórmula del metano?;CH₃;CH₄;CH₂;CH₅;B
478;¿Cuál es la fórmula del butano?;CH₃-CH₂-CH₂-CH₃;CH₃-CH₃;CH₃-CH₂-CH₃;CH₃-CH₂-CH₂-CH₂-CH₃;A
479;¿Cuál es la fórmula del propano?;C₃H₂;C₃H₄;C₃H₆;C₃H₈;D
480;¿Cuál es la fórmula del buteno?;C₄H₁₀;C₄H₄;C₄H₈;C₄H₆;C
481;¿Cuál es la fórmula del pentanol?;C₅H₁₀OH;C₅H₁₁OH;C₅H₁₂OH;C₅H₈OH;B
482;¿Cuál es la fórmula del etileno?;C₂H₂;C₂H₄;C₂H₆;C₂H₈;B
483;¿Cuál es la fórmula del octano?;C₈H₁₄;C₈H₁₆;C₈H₁₈;C₈H₁₀;C
484;¿Cuál es la fórmula del formol?;C₂H₅-CHO;CH₃-CHO;H-CHO;C₆H₅-CHO;C
485;¿Cuál es el ácido carboxílico presente en el vinagre?;CH-COOH;CH₃-COOH;CH₃-CHO;CH₄-COOH;B
486;¿Cuál es la fórmula del cloruro de metilo?;CH₃-Cl;CH₃-Cl-C₂H₅;C₂H₅-Cl-C₂H₅;CH₃-Cl-C₃H₇;A
487;¿Cuál es la fórmula del pentano?;C₅H₁₀;C₅H₈;C₅H₁₁;C₅H₁₂;D
488;¿Qué ángulo forman los átomos de carbono unidos por enlace simple?;90°;109.5°;120°;180°;B
489;¿Qué ángulo forman los átomos de carbono unidos por doble enlace?;109.5°;120°;180°;90°;B
490;¿Qué ángulo forman los átomos de carbono unidos por triple enlace?;109.5°;120°;150°;180°;D
